title,datetime,link
Public records for Feb.,2017-02-06 00:00:00,https://news.google.com/./articles/CBMiXWh0dHBzOi8vd3d3Lmtub3huZXdzLmNvbS9zdG9yeS9tb25leS9idXNpbmVzcy9qb3VybmFsLzIwMTcvMDIvMDYvcHVibGljLXJlY29yZHMtZmViLzk2OTkyNDM2L9IBAA?hl=en-US&gl=US&ceid=US%3Aen
Goldman Sachs: Current market conditions benefit master limited ...,2017-03-03 00:00:00,https://news.google.com/./articles/CBMia2h0dHBzOi8vd3d3LmJpempvdXJuYWxzLmNvbS9zYW5hbnRvbmlvL25ld3MvMjAxNy8wMy8wMy9nb2xkbWFuLXNhY2hzLWN1cnJlbnQtbWFya2V0LWNvbmRpdGlvbnMtYmVuZWZpdC5odG1s0gEA?hl=en-US&gl=US&ceid=US%3Aen
An Excellent Permian Basin Infrastructure Play That Yields 6.7 ...,2017-03-06 00:00:00,https://news.google.com/./articles/CBMiZ2h0dHBzOi8vc2Vla2luZ2FscGhhLmNvbS9hcnRpY2xlLzQwNTI0NTItZXhjZWxsZW50LXBlcm1pYW4tYmFzaW4taW5mcmFzdHJ1Y3R1cmUtcGxheS15aWVsZHMtNl83LXBlcmNlbnTSAQA?hl=en-US&gl=US&ceid=US%3Aen
"Property transfers for March 26, 2017",2017-03-24 00:00:00,https://news.google.com/./articles/CBMibmh0dHBzOi8vd3d3LmNvbW1lcmNpYWxhcHBlYWwuY29tL3N0b3J5L21vbmV5L3JlYWwtZXN0YXRlLzIwMTcvMDMvMjQvcHJvcGVydHktdHJhbnNmZXJzLW1hcmNoLTI2LTIwMTcvOTk0MjQ5ODQv0gEA?hl=en-US&gl=US&ceid=US%3Aen
Public records: April,2017-04-03 00:00:00,https://news.google.com/./articles/CBMiV2h0dHBzOi8vd3d3Lmtub3huZXdzLmNvbS9zdG9yeS9tb25leS9idXNpbmVzcy8yMDE3LzA0LzAzL3B1YmxpYy1yZWNvcmRzLWFwcmlsLzk5NDY5ODEwL9IBAA?hl=en-US&gl=US&ceid=US%3Aen
San Antonio's Acelity names new CEO,2017-04-05 00:00:00,https://news.google.com/./articles/CBMiamh0dHBzOi8vd3d3Lm15c2FuYW50b25pby5jb20vYnVzaW5lc3MvaGVhbHRoLWNhcmUvYXJ0aWNsZS9TYW4tQW50b25pby1zLUFjZWxpdHktbmFtZXMtbmV3LUNFTy0xMTA1MjEwNS5waHDSAQA?hl=en-US&gl=US&ceid=US%3Aen
Visual Data: MLP Treemaps 2.0,2017-04-26 00:00:00,https://news.google.com/./articles/CBMiRWh0dHBzOi8vc2Vla2luZ2FscGhhLmNvbS9hcnRpY2xlLzQwNjUwNDQtdmlzdWFsLWRhdGEtbWxwLXRyZWVtYXBzLTJfMNIBAA?hl=en-US&gl=US&ceid=US%3Aen
Public records: May,2017-05-02 00:00:00,https://news.google.com/./articles/CBMiXmh0dHBzOi8vd3d3Lmtub3huZXdzLmNvbS9zdG9yeS9tb25leS9idXNpbmVzcy9qb3VybmFsLzIwMTcvMDUvMDIvcHVibGljLXJlY29yZHMtbWF5LzEwMDY1MTM0MC_SAQA?hl=en-US&gl=US&ceid=US%3Aen
Public Records: June 2017,2017-06-05 00:00:00,https://news.google.com/./articles/CBMiZGh0dHBzOi8vd3d3Lmtub3huZXdzLmNvbS9zdG9yeS9tb25leS9idXNpbmVzcy9qb3VybmFsLzIwMTcvMDYvMDUvcHVibGljLXJlY29yZHMtanVuZS0yMDE3LzMxODE3NDAwMS_SAQA?hl=en-US&gl=US&ceid=US%3Aen
Prime Conditions Prolong MLP Primacy,2017-07-17 00:00:00,https://news.google.com/./articles/CBMiTWh0dHBzOi8vc2Vla2luZ2FscGhhLmNvbS9hcnRpY2xlLzQwODgwNzUtcHJpbWUtY29uZGl0aW9ucy1wcm9sb25nLW1scC1wcmltYWN50gEA?hl=en-US&gl=US&ceid=US%3Aen
Did You Know? All MLPs Are Ineligible To Be In The S&P 500,2017-07-21 00:00:00,https://news.google.com/./articles/CBMiXmh0dHBzOi8vc2Vla2luZ2FscGhhLmNvbS9hcnRpY2xlLzQwODkyMDYteW91LWtub3ctYWxsLW1scHMtYXJlLWluZWxpZ2libGUtdG8tYmUtaW4tcy1hbmQtcC01MDDSAQA?hl=en-US&gl=US&ceid=US%3Aen
BRIEF-Plains All American Pipeline Q2 revenue $6078 mln,2017-08-07 00:00:00,https://news.google.com/./articles/CBMiVWh0dHBzOi8vd3d3LnJldXRlcnMuY29tL2FydGljbGUvYnJpZWYtcGxhaW5zLWFsbC1hbWVyaWNhbi1waXBlbGluZS1xMi1yZS1pZFVTQVNCMEJEVFrSAQA?hl=en-US&gl=US&ceid=US%3Aen
7 Small-Cap Stocks With Wide Moats,2017-11-02 00:00:00,https://news.google.com/./articles/CBMiTmh0dHBzOi8vd3d3Lm1vcm5pbmdzdGFyLmNvbS9hcnRpY2xlcy84MzM2MTAvNy1zbWFsbC1jYXAtc3RvY2tzLXdpdGgtd2lkZS1tb2F0c9IBAA?hl=en-US&gl=US&ceid=US%3Aen
"Plains All American CEO Greg Armstrong to retire, successor named ...",2017-11-06 00:00:00,https://news.google.com/./articles/CBMiZWh0dHBzOi8vd3d3LmJpempvdXJuYWxzLmNvbS9ob3VzdG9uL25ld3MvMjAxNy8xMS8wNi9wbGFpbnMtYWxsLWFtZXJpY2FuLXMtbG9uZ3RpbWUtY2VvLXRvLXJldGlyZS5odG1s0gEA?hl=en-US&gl=US&ceid=US%3Aen
Energy Transfer: The Incredible Shrinking MLP (NYSE:ET),2017-11-29 00:00:00,https://news.google.com/./articles/CBMiUWh0dHBzOi8vc2Vla2luZ2FscGhhLmNvbS9hcnRpY2xlLzQxMjg0MjAtZW5lcmd5LXRyYW5zZmVyLWluY3JlZGlibGUtc2hyaW5raW5nLW1scNIBAA?hl=en-US&gl=US&ceid=US%3Aen
Pausing Midstream,2018-01-22 00:00:00,https://news.google.com/./articles/CBMiOmh0dHBzOi8vc2Vla2luZ2FscGhhLmNvbS9hcnRpY2xlLzQxMzg5OTctcGF1c2luZy1taWRzdHJlYW3SAQA?hl=en-US&gl=US&ceid=US%3Aen
Recent Judgment Of The Cayman Islands Court Of Appeal ...,2018-05-24 00:00:00,https://news.google.com/./articles/CBMimgFodHRwczovL3d3dy5tb25kYXEuY29tL2NheW1hbmlzbGFuZHMvdHJpYWxzLWFwcGVhbHMtY29tcGVuc2F0aW9uLzcwMjQ5NC9yZWNlbnQtanVkZ21lbnQtb2YtdGhlLWNheW1hbi1pc2xhbmRzLWNvdXJ0LW9mLWFwcGVhbC1jb25jZXJuaW5nLXZhbGlkYXRpb24tb3JkZXJz0gEA?hl=en-US&gl=US&ceid=US%3Aen
When Passive Investors Drift Into Activist Status - Securities - United ...,2018-07-02 00:00:00,https://news.google.com/./articles/CBMiZ2h0dHBzOi8vd3d3Lm1vbmRhcS5jb20vdW5pdGVkc3RhdGVzL3NlY3VyaXRpZXMvNzE0NDEyL3doZW4tcGFzc2l2ZS1pbnZlc3RvcnMtZHJpZnQtaW50by1hY3RpdmlzdC1zdGF0dXPSAQA?hl=en-US&gl=US&ceid=US%3Aen
Permian Basin: These Oil And Gas Pipeline Projects Will Narrow ...,2018-07-11 00:00:00,https://news.google.com/./articles/CBMifmh0dHBzOi8vc2Vla2luZ2FscGhhLmNvbS9hcnRpY2xlLzQxODYyNjAtcGVybWlhbi1iYXNpbi1vaWwtYW5kLWdhcy1waXBlbGluZS1wcm9qZWN0cy13aWxsLW5hcnJvdy1vaWwtYW5kLWdhcy1kaXNjb3VudHMtaW4tMjAyMNIBAA?hl=en-US&gl=US&ceid=US%3Aen
"Plains All American Pipeline sets CEO's retirement date, announces ...",2018-08-20 00:00:00,https://news.google.com/./articles/CBMiY2h0dHBzOi8vd3d3LmJpempvdXJuYWxzLmNvbS9ob3VzdG9uL25ld3MvMjAxOC8wOC8yMC9wbGFpbnMtYWxsLWFtZXJpY2FuLXBpcGVsaW5lLXNldHMtZGF0ZS1mb3IuaHRtbNIBAA?hl=en-US&gl=US&ceid=US%3Aen
"Plains All American, Magellan Midstream and OMERS Infrastructure ...",2018-08-21 00:00:00,https://news.google.com/./articles/CBMiswFodHRwczovL3d3dy5idXNpbmVzc3dpcmUuY29tL25ld3MvaG9tZS8yMDE4MDgyMTAwNTIxNC9lbi9QbGFpbnMtQWxsLUFtZXJpY2FuLU1hZ2VsbGFuLU1pZHN0cmVhbS1hbmQtT01FUlMtSW5mcmFzdHJ1Y3R1cmUtQW5ub3VuY2UtSm9pbnQtT3duZXJzaGlwLW9mLUJyaWRnZVRleC1QaXBlbGluZS1Db21wYW55LUxMQ9IBAA?hl=en-US&gl=US&ceid=US%3Aen
Sears Default Bets Pay Off for Sears,2018-11-28 00:00:00,https://news.google.com/./articles/CBMiWmh0dHBzOi8vd3d3LmJsb29tYmVyZy5jb20vb3Bpbmlvbi9hcnRpY2xlcy8yMDE4LTExLTI4L3NlYXJzLWRlZmF1bHQtYmV0cy1wYXktb2ZmLWZvci1zZWFyc9IBAA?hl=en-US&gl=US&ceid=US%3Aen
Energy News Monitor | Volume XV; Issue 32,2019-01-21 00:00:00,https://news.google.com/./articles/CBMiUGh0dHBzOi8vd3d3Lm9yZm9ubGluZS5vcmcvcmVzZWFyY2gvZW5lcmd5LW5ld3MtbW9uaXRvci12b2x1bWUteHYtaXNzdWUtMzItNDc0Nzgv0gFQaHR0cHM6Ly93d3cub3Jmb25saW5lLm9yZy9yZXNlYXJjaC9lbmVyZ3ktbmV3cy1tb25pdG9yLXZvbHVtZS14di1pc3N1ZS0zMi00NzQ3OC8?hl=en-US&gl=US&ceid=US%3Aen
M&A soared in 2018; companies confident about dealmaking in 2019,2019-01-30 00:00:00,https://news.google.com/./articles/CBMiZWh0dHBzOi8vd3d3LnRoZW1pZGRsZW1hcmtldC5jb20vZGF0YS9tLWEtc29hcmVkLWluLTIwMTgtYXV0b2Rlc2staGVyc2hleS1zdHJ5a2VyLWNsb3NlZC1ub3RhYmxlLWRlYWxz0gEA?hl=en-US&gl=US&ceid=US%3Aen
Fullbeauty Breaks Record for Fastest U.S. Bankruptcy,2019-02-05 00:00:00,https://news.google.com/./articles/CBMicWh0dHBzOi8vd3d3LmJsb29tYmVyZy5jb20vbmV3cy9hcnRpY2xlcy8yMDE5LTAyLTA0L2Z1bGxiZWF1dHktb24tdHJhY2stdG8tYnJlYWstcmVjb3JkLWZvci1mYXN0ZXN0LXUtcy1iYW5rcnVwdGN50gEA?hl=en-US&gl=US&ceid=US%3Aen
Millennium Management Llc Buys,2019-02-16 00:00:00,https://news.google.com/./articles/CBMilgFodHRwczovL3d3dy5ndXJ1Zm9jdXMuY29tL25ld3MvODE3NjY2L21pbGxlbm5pdW0tbWFuYWdlbWVudC1sbGMtYnV5cy1zdGFyYnVja3MtY29ycC1jZWxnZW5lLWNvcnAtdGVzbGEtaW5jLXNlbGxzLWZvcnRpdmUtY29ycC1hZXRuYS1pbmMtbWljcm9zb2Z0LWNvcnDSAQA?hl=en-US&gl=US&ceid=US%3Aen
California's Women Requirement for Company Boards Could Pave ...,2019-03-21 00:00:00,https://news.google.com/./articles/CBMiOGh0dHBzOi8vd3d3LmJsb29tYmVyZy5jb20vZ3JhcGhpY3MvMjAxOS13b21lbi1vbi1ib2FyZHMv0gEA?hl=en-US&gl=US&ceid=US%3Aen
"See the latest business leads in North Texas-March 29, 2019 ...",2019-03-28 00:00:00,https://news.google.com/./articles/CBMiSmh0dHBzOi8vd3d3LmJpempvdXJuYWxzLmNvbS9kYWxsYXMvbmV3cy8yMDE5LzAzLzI4L2RhbGxhcy1zYWxlcy1sZWFkcy5odG1s0gEA?hl=en-US&gl=US&ceid=US%3Aen
Plains All American Pipelines rides wave of surging crude oil ...,2019-06-13 00:00:00,https://news.google.com/./articles/CBMidGh0dHBzOi8vd3d3LmhvdXN0b25jaHJvbmljbGUuY29tL2J1c2luZXNzL2Nocm9uLTEwMC9hcnRpY2xlL1BsYWlucy1BbGwtQW1lcmljYW4tUGlwZWxpbmVzLXJpZGVzLXdhdmUtb2YtMTM5NDMwMTMucGhw0gEA?hl=en-US&gl=US&ceid=US%3Aen
Form N-PX MAINSTAY FUNDS For: Jun 30,2019-08-29 00:00:00,https://news.google.com/./articles/CBMiXmh0dHBzOi8vd3d3LnN0cmVldGluc2lkZXIuY29tL1NFQytGaWxpbmdzL0Zvcm0rTi1QWCtNQUlOU1RBWStGVU5EUytGb3IlM0ErSnVuKzMwLzE1ODY3NjY0Lmh0bWzSAQA?hl=en-US&gl=US&ceid=US%3Aen
L.P. – Times of New York,2019-09-18 00:00:00,https://news.google.com/./articles/CBMiLWh0dHBzOi8vdGltZXNvZm5ld3lvcmsubmV0L2luZGV4LnBocC90YWcvbC1wL9IBAA?hl=en-US&gl=US&ceid=US%3Aen
Scorpio Tankers to buy leasehold interest of 19 product tankers for ...,2019-09-24 00:00:00,https://news.google.com/./articles/CBMi-gFodHRwczovL3NlZWtpbmdhbHBoYS5jb20vbmV3cy8zNTAxNDA4LXNjb3JwaW8tdGFua2Vycy10by1idXktbGVhc2Vob2xkLWludGVyZXN0LW9mLTE5LXByb2R1Y3QtdGFua2Vycy1mb3ItODAzbT9oYXNDb21lRnJvbU1wQXJ0aWNsZT1mYWxzZSZzb3VyY2U9Y29udGVudF90eXBlJTI1M0FyZWFjdCUyNTdDc2VjdGlvbiUyNTNBbWFpbl9jb250ZW50JTI1N0NidXR0b24lMjUzQWJvZHlfbGluayUyNTdDZmlyc3RfbGV2ZWxfdXJsJTI1M0FuZXdz0gEA?hl=en-US&gl=US&ceid=US%3Aen
People on the move: Antero Resources makes board appointments,2019-10-08 00:00:00,https://news.google.com/./articles/CBMiWmh0dHBzOi8vd3d3Lm9pbGFuZGdhczM2MC5jb20vcGVvcGxlLW9uLXRoZS1tb3ZlLWFudGVyby1yZXNvdXJjZXMtbWFrZXMtYm9hcmQtYXBwb2ludG1lbnRzL9IBAA?hl=en-US&gl=US&ceid=US%3Aen
Why We're Buying Enterprise Products Partners Now,2019-11-27 00:00:00,https://news.google.com/./articles/CBMia2h0dHBzOi8vd3d3LmZvcmJlcy5jb20vc2l0ZXMvZ3JlYXRzcGVjdWxhdGlvbnMvMjAxOS8xMS8yNy93aHktd2VyZS1idXlpbmctZW50ZXJwcmlzZS1wcm9kdWN0cy1wYXJ0bmVycy1ub3cv0gEA?hl=en-US&gl=US&ceid=US%3Aen
3 MLPs and a Rich ETF to Buy for Excellent Portfolio Padding,2020-02-06 00:00:00,https://news.google.com/./articles/CBMiX2h0dHBzOi8vaW52ZXN0b3JwbGFjZS5jb20vMjAyMC8wMi8zLW1scHMtYW5kLWEtcmljaC1ldGYtdG8tYnV5LWZvci1leGNlbGxlbnQtcG9ydGZvbGlvLXBhZGRpbmcv0gEA?hl=en-US&gl=US&ceid=US%3Aen
Long Bond Hits All-time High,2020-03-03 00:00:00,https://news.google.com/./articles/CBMiUmh0dHBzOi8vd3d3Lm1vbmV5c2hvdy5jb20vYXJ0aWNsZXMvdHJhZGluZ2lkZWEtNTM2NjgvbG9uZy1ib25kLWhpdHMtYWxsLXRpbWUtaGlnaC_SAQA?hl=en-US&gl=US&ceid=US%3Aen
13 Stocks I Bought For My Retirement Portfolio When The Market ...,2020-03-12 00:00:00,https://news.google.com/./articles/CBMieWh0dHBzOi8vc2Vla2luZ2FscGhhLmNvbS9hcnRpY2xlLzQzMzEzNjEtMTMtc3RvY2tzLWktYm91Z2h0LWZvci1yZXRpcmVtZW50LXBvcnRmb2xpby13aGVuLW1hcmtldC1jcmFzaGVkLTgtcGVyY2VudC1pbi1kYXnSAQA?hl=en-US&gl=US&ceid=US%3Aen
9% Yielding Enbridge Is A Super SWAN With A Dividend You Can ...,2020-04-17 00:00:00,https://news.google.com/./articles/CBMie2h0dHBzOi8vc2Vla2luZ2FscGhhLmNvbS9hcnRpY2xlLzQzMzgwNzItOS1wZXJjZW50LXlpZWxkaW5nLWVuYnJpZGdlLWlzLXN1cGVyLXN3YW4tZGl2aWRlbmQteW91LWNhbi10cnVzdC1pbi10aGlzLXJlY2Vzc2lvbtIBAA?hl=en-US&gl=US&ceid=US%3Aen
Jones Act Tanker Operators,2020-04-23 00:00:00,https://news.google.com/./articles/CBMiQ2h0dHBzOi8vc2Vla2luZ2FscGhhLmNvbS9hcnRpY2xlLzQzMzkzMjQtam9uZXMtYWN0LXRhbmtlci1vcGVyYXRvcnPSAQA?hl=en-US&gl=US&ceid=US%3Aen
Wide-Moat Stocks On Sale - The April 2020 Heat Map,2020-04-26 00:00:00,https://news.google.com/./articles/CBMiVWh0dHBzOi8vc2Vla2luZ2FscGhhLmNvbS9hcnRpY2xlLzQzNDAwODAtd2lkZS1tb2F0LXN0b2Nrcy1vbi1zYWxlLWFwcmlsLTIwMjAtaGVhdC1tYXDSAQA?hl=en-US&gl=US&ceid=US%3Aen
Carnegie Capital Asset Managem,2020-05-08 00:00:00,https://news.google.com/./articles/CBMi_gFodHRwczovL3d3dy5ndXJ1Zm9jdXMuY29tL25ld3MvMTEzMTUxMS9jYXJuZWdpZS1jYXBpdGFsLWFzc2V0LW1hbmFnZW1lbnQtbGxjLWJ1eXMtc2Nod2FiLXNob3J0dGVybS11cy10cmVhc3VyeS1pbnZlc2NvLWJ1bGxldHNoYXJlcy0yMDIxLWhpZ2gteWllbGQtY29ycG9yYXRlLWJvbi1yYXl0aGVvbi1jby1zZWxscy1ib2VpbmctY28tc3Bkci1zZWxlY3Qtc2VjdG9yLWZ1bmQtY29uc3VtZXItZGlzY3JldGlvbmFyeS1jaXNjby1zeXN0ZW1zLWluY9IBAA?hl=en-US&gl=US&ceid=US%3Aen
"Plains GP Holdings, L.P. (PAGP) Company Profile, News, Rankings",2020-05-18 00:00:00,https://news.google.com/./articles/CBMiL2h0dHBzOi8vZm9ydHVuZS5jb20vY29tcGFueS9wbGFpbnMtZ3AtaG9sZGluZ3Mv0gEA?hl=en-US&gl=US&ceid=US%3Aen
Europe Points Lower on Mixed Chinese Data,2020-06-08 00:00:00,https://news.google.com/./articles/CBMiX2h0dHBzOi8vd3d3Lm1vbmV5c2hvdy5jb20vYXJ0aWNsZXMvdHJhZGluZ2lkZWEtNTQzNzMvZXVyb3BlLXBvaW50cy1sb3dlci1vbi1taXhlZC1jaGluZXNlLWRhdGEv0gEA?hl=en-US&gl=US&ceid=US%3Aen
How To Build A 6% Yielding Sleep Well At Night Retirement ...,2020-07-01 00:00:00,https://news.google.com/./articles/CBMifGh0dHBzOi8vc2Vla2luZ2FscGhhLmNvbS9hcnRpY2xlLzQzNTY2NDEtaG93LXRvLWJ1aWxkLTYtcGVyY2VudC15aWVsZGluZy1zbGVlcC13ZWxsLW5pZ2h0LXJldGlyZW1lbnQtcG9ydGZvbGlvLTE1LWJsdWUtY2hpcHPSAQA?hl=en-US&gl=US&ceid=US%3Aen
High-throughput discovery of phage receptors using transposon ...,2020-07-16 00:00:00,https://news.google.com/./articles/CBMiMGh0dHBzOi8vd3d3LnBuYXMub3JnL2RvaS8xMC4xMDczL3BuYXMuMjAwMTg4ODExN9IBAA?hl=en-US&gl=US&ceid=US%3Aen
Use science to stop sexual harassment in higher education ...,2020-08-19 00:00:00,https://news.google.com/./articles/CBMiMGh0dHBzOi8vd3d3LnBuYXMub3JnL2RvaS8xMC4xMDczL3BuYXMuMjAxNjE2NDExN9IBAA?hl=en-US&gl=US&ceid=US%3Aen
Glycosylation-dependent opsonophagocytic activity of ...,2020-08-27 00:00:00,https://news.google.com/./articles/CBMiMGh0dHBzOi8vd3d3LnBuYXMub3JnL2RvaS8xMC4xMDczL3BuYXMuMjAwMzYyMTExN9IBAA?hl=en-US&gl=US&ceid=US%3Aen
Neonicotinoids pose undocumented threats to food webs ...,2020-09-02 00:00:00,https://news.google.com/./articles/CBMiMGh0dHBzOi8vd3d3LnBuYXMub3JnL2RvaS8xMC4xMDczL3BuYXMuMjAxNzIyMTExN9IBAA?hl=en-US&gl=US&ceid=US%3Aen
Midstream/MLP Credit Ratings Largely Stable In Tough Tape,2020-09-23 00:00:00,https://news.google.com/./articles/CBMiYmh0dHBzOi8vc2Vla2luZ2FscGhhLmNvbS9hcnRpY2xlLzQzNzU4ODAtbWlkc3RyZWFtLW1scC1jcmVkaXQtcmF0aW5ncy1sYXJnZWx5LXN0YWJsZS1pbi10b3VnaC10YXBl0gEA?hl=en-US&gl=US&ceid=US%3Aen
Discover Death in Oslo Case,2020-10-23 00:00:00,https://news.google.com/./articles/CBMiK2h0dHBzOi8vdW5zb2x2ZWQuY29tL2dhbGxlcnkvZGVhdGgtaW4tb3Nsby_SAQA?hl=en-US&gl=US&ceid=US%3Aen
The Williams Companies: Stable And Growing Cash Flows With An ...,2020-10-28 00:00:00,https://news.google.com/./articles/CBMiaWh0dHBzOi8vc2Vla2luZ2FscGhhLmNvbS9hcnRpY2xlLzQzODIwMzEtd2lsbGlhbXMtY29tcGFuaWVzLXN0YWJsZS1hbmQtZ3Jvd2luZy1jYXNoLWZsb3dzLTgtcGVyY2VudC15aWVsZNIBAA?hl=en-US&gl=US&ceid=US%3Aen
"Earnings Scheduled For November 2, 2020",2020-11-02 00:00:00,https://news.google.com/./articles/CBMiUGh0dHBzOi8vZmluYW5jZS55YWhvby5jb20vbmV3cy9lYXJuaW5ncy1zY2hlZHVsZWQtbm92ZW1iZXItMi0yMDIwLTEyNTUzNjc0MC5odG1s0gFYaHR0cHM6Ly9maW5hbmNlLnlhaG9vLmNvbS9hbXBodG1sL25ld3MvZWFybmluZ3Mtc2NoZWR1bGVkLW5vdmVtYmVyLTItMjAyMC0xMjU1MzY3NDAuaHRtbA?hl=en-US&gl=US&ceid=US%3Aen
Buy ONEOK Before It Takes Off (NYSE:OKE),2020-11-24 00:00:00,https://news.google.com/./articles/CBMiPGh0dHBzOi8vc2Vla2luZ2FscGhhLmNvbS9hcnRpY2xlLzQzOTEyNTItYnV5LW9uZW9rLXRha2VzLW9mZtIBAA?hl=en-US&gl=US&ceid=US%3Aen
Tesla bull ARK Invest’s optimistic TSLA forecasts are starting to look very feasible,2020-11-26 00:00:00,https://news.google.com/./articles/CBMiRmh0dHBzOi8vd3d3LnRlc2xhcmF0aS5jb20vdGVzbGEtdHNsYS1hcmstaW52ZXN0LWdvbGRlbi1nb29zZS1zY2VuYXJpby_SAUpodHRwczovL3d3dy50ZXNsYXJhdGkuY29tL3Rlc2xhLXRzbGEtYXJrLWludmVzdC1nb2xkZW4tZ29vc2Utc2NlbmFyaW8vYW1wLw?hl=en-US&gl=US&ceid=US%3Aen
Top Oil and Gas Stocks to Buy 2023,2020-12-04 00:00:00,https://news.google.com/./articles/CBMiNWh0dHBzOi8vd3d3Lm1hcmtldGJlYXQuY29tL3R5cGVzLW9mLXN0b2NrL29pbC1zdG9ja3Mv0gEA?hl=en-US&gl=US&ceid=US%3Aen
The New 'Modern' 60/40 Portfolio,2020-12-23 00:00:00,https://news.google.com/./articles/CBMiQ2h0dHBzOi8vc2Vla2luZ2FscGhhLmNvbS9hcnRpY2xlLzQzOTYwNTctbmV3LW1vZGVybi02MC00MC1wb3J0Zm9saW_SAQA?hl=en-US&gl=US&ceid=US%3Aen
Analysts Expect EMLP To Hit $24,2021-01-04 00:00:00,https://news.google.com/./articles/CBMiSmh0dHBzOi8vd3d3Lm5hc2RhcS5jb20vYXJ0aWNsZXMvYW5hbHlzdHMtZXhwZWN0LWVtbHAtdG8taGl0LSQyNC0yMDIxLTAxLTA00gEA?hl=en-US&gl=US&ceid=US%3Aen
12 Best MLP and Pipeline Stocks To Buy Now,2021-01-05 00:00:00,https://news.google.com/./articles/CBMiSWh0dHBzOi8vZmluYW5jZS55YWhvby5jb20vbmV3cy8xMi1iZXN0LW1scC1waXBlbGluZS1zdG9ja3MtMTczOTU1NTM2Lmh0bWzSAVFodHRwczovL2ZpbmFuY2UueWFob28uY29tL2FtcGh0bWwvbmV3cy8xMi1iZXN0LW1scC1waXBlbGluZS1zdG9ja3MtMTczOTU1NTM2Lmh0bWw?hl=en-US&gl=US&ceid=US%3Aen
Diamondback (FANG) Up 57.1% in 6 Months: More Room for Upside?,2021-01-12 00:00:00,https://news.google.com/./articles/CBMiZWh0dHBzOi8vd3d3Lm5hc2RhcS5jb20vYXJ0aWNsZXMvZGlhbW9uZGJhY2stZmFuZy11cC01Ny4xLWluLTYtbW9udGhzOi1tb3JlLXJvb20tZm9yLXVwc2lkZS0yMDIxLTAxLTEy0gEA?hl=en-US&gl=US&ceid=US%3Aen
"Earnings Scheduled For February 9, 2021",2021-02-09 00:00:00,https://news.google.com/./articles/CBMiUGh0dHBzOi8vZmluYW5jZS55YWhvby5jb20vbmV3cy9lYXJuaW5ncy1zY2hlZHVsZWQtZmVicnVhcnktOS0yMDIxLTA5MDU0MjUwNC5odG1s0gFYaHR0cHM6Ly9maW5hbmNlLnlhaG9vLmNvbS9hbXBodG1sL25ld3MvZWFybmluZ3Mtc2NoZWR1bGVkLWZlYnJ1YXJ5LTktMjAyMS0wOTA1NDI1MDQuaHRtbA?hl=en-US&gl=US&ceid=US%3Aen
Buying The Dip: Enterprise Products Partners (NYSE:EPD),2021-02-11 00:00:00,https://news.google.com/./articles/CBMiUGh0dHBzOi8vc2Vla2luZ2FscGhhLmNvbS9hcnRpY2xlLzQ0MDQ5MzEtYnV5aW5nLWRpcC1lbnRlcnByaXNlLXByb2R1Y3RzLXBhcnRuZXJz0gEA?hl=en-US&gl=US&ceid=US%3Aen
"Day 82: Housemates, labis ang paghanga sa BGYO | PBB Connect",2021-02-27 00:00:00,https://news.google.com/./articles/CBMiTWh0dHBzOi8vZW50LmFicy1jYm4uY29tL3BiYnM5L3ZpZGVvcy9ob3VzZW1hdGVzLWxhYmlzLXBhZ2hhbmdhLXNhLWJneW8tMzAxNTAy0gFRaHR0cHM6Ly9lbnQuYWJzLWNibi5jb20vcGJiczkvdmlkZW9zL2hvdXNlbWF0ZXMtbGFiaXMtcGFnaGFuZ2Etc2EtYmd5by0zMDE1MDIvYW1w?hl=en-US&gl=US&ceid=US%3Aen
Cardiolipin aids in lipopolysaccharide transport to the gram-negative ...,2021-04-08 00:00:00,https://news.google.com/./articles/CBMiMGh0dHBzOi8vd3d3LnBuYXMub3JnL2RvaS8xMC4xMDczL3BuYXMuMjAxODMyOTExONIBAA?hl=en-US&gl=US&ceid=US%3Aen
Valero: Crack Spreads and Refining Profits,2021-04-14 00:00:00,https://news.google.com/./articles/CBMiXWh0dHBzOi8vd3d3Lm1vbmV5c2hvdy5jb20vYXJ0aWNsZXMvZGFpbHlndXJ1LTU2NDA5L3ZhbGVyby1jcmFjay1zcHJlYWRzLWFuZC1yZWZpbmluZy1wcm9maXRzL9IBAA?hl=en-US&gl=US&ceid=US%3Aen
Salient Midstream & MLP Fund Announces Second Quarter 2021 ...,2021-05-06 00:00:00,https://news.google.com/./articles/CBMitwFodHRwczovL3d3dy5wcm5ld3N3aXJlLmNvbS9uZXdzLXJlbGVhc2VzL3NhbGllbnQtbWlkc3RyZWFtLS1tbHAtZnVuZC1hbm5vdW5jZXMtc2Vjb25kLXF1YXJ0ZXItMjAyMS1kaXZpZGVuZC1vZi0wLTA2MC1wZXItc2hhcmUtYW5kLW5ldC1hc3NldC12YWx1ZS1hcy1vZi1hcHJpbC0zMC0tMjAyMS0tMzAxMjg2MTgwLmh0bWzSAQA?hl=en-US&gl=US&ceid=US%3Aen
"In Sharswood, Dox Thrash House Saved to Anchor a Neighborhood",2021-05-13 00:00:00,https://news.google.com/./articles/CBMiYWh0dHBzOi8vaGlkZGVuY2l0eXBoaWxhLm9yZy8yMDIxLzA1L2luLXNoYXJzd29vZC1kb3gtdGhyYXNoLWhvdXNlLXNhdmVkLXRvLWFuY2hvci1hLW5laWdoYm9yaG9vZC_SAQA?hl=en-US&gl=US&ceid=US%3Aen
Why I Pick Global X MLP & Energy Infrastructure ETF (MLPX) Over ...,2021-06-08 00:00:00,https://news.google.com/./articles/CBMibGh0dHBzOi8vc2Vla2luZ2FscGhhLmNvbS9hcnRpY2xlLzQ0MzM1ODAtd2h5LWdsb2JhbC14LW1scC1lbmVyZ3ktaW5mcmFzdHJ1Y3R1cmUtZXRmLW1scHgtb3Zlci1hbWxwLWVuZnItbWxwYdIBAA?hl=en-US&gl=US&ceid=US%3Aen
Plains All American Executes Definitive Agreements for $850 million ...,2021-06-08 00:00:00,https://news.google.com/./articles/CBMiwQFodHRwczovL3d3dy5nbG9iZW5ld3N3aXJlLmNvbS9uZXdzLXJlbGVhc2UvMjAyMS8wNi8wOC8yMjQzNjM0LzAvZW4vUGxhaW5zLUFsbC1BbWVyaWNhbi1FeGVjdXRlcy1EZWZpbml0aXZlLUFncmVlbWVudHMtZm9yLTg1MC1taWxsaW9uLVNhbGUtb2YtTmF0dXJhbC1HYXMtU3RvcmFnZS1Bc3NldHMtdG8tSGFydHJlZS1QYXJ0bmVycy5odG1s0gEA?hl=en-US&gl=US&ceid=US%3Aen
Hartree Partners' $850 Million Acquisition of Natural Gas Storage ...,2021-06-10 00:00:00,https://news.google.com/./articles/CBMidGh0dHBzOi8vZ2xvYmFsbGVnYWxjaHJvbmljbGUuY29tL2hhcnRyZWUtcGFydG5lcnMtODUwLW1pbGxpb24tYWNxdWlzaXRpb24tb2YtbmF0dXJhbC1nYXMtc3RvcmFnZS1hc3NldHMtZnJvbS1wbGFpbnMv0gEA?hl=en-US&gl=US&ceid=US%3Aen
MLPs And The Biden Tax Proposal: What You Need To Know,2021-06-24 00:00:00,https://news.google.com/./articles/CBMiXmh0dHBzOi8vc2Vla2luZ2FscGhhLmNvbS9hcnRpY2xlLzQ0MzU5OTktbWxwcy1hbmQtdGhlLWJpZGVuLXRheC1wcm9wb3NhbC13aGF0LXlvdS1uZWVkLXRvLWtub3fSAQA?hl=en-US&gl=US&ceid=US%3Aen
3 Top Energy Stocks to Quell Fears of Oil & Gas Market Volatility,2021-07-13 00:00:00,https://news.google.com/./articles/CBMiamh0dHBzOi8vd3d3Lm5hc2RhcS5jb20vYXJ0aWNsZXMvMy10b3AtZW5lcmd5LXN0b2Nrcy10by1xdWVsbC1mZWFycy1vZi1vaWwtZ2FzLW1hcmtldC12b2xhdGlsaXR5LTIwMjEtMDctMTPSAQA?hl=en-US&gl=US&ceid=US%3Aen
2021-07-13 | NDAQ:PAGP | Press Release | Plains GP Holdings L.P.,2021-07-13 00:00:00,https://news.google.com/./articles/CBMigQFodHRwczovL3N0b2NraG91c2UuY29tL25ld3MvcHJlc3MtcmVsZWFzZXMvMjAyMS8wNy8xMy9wbGFpbnMtYWxsLWFtZXJpY2FuLWFuZC1vcnl4LW1pZHN0cmVhbS1hbm5vdW5jZS1wZXJtaWFuLWJhc2luLWpvaW50LXZlbnR1cmXSAQA?hl=en-US&gl=US&ceid=US%3Aen
Gram-negative outer-membrane proteins with multiple β-barrel ...,2021-07-30 00:00:00,https://news.google.com/./articles/CBMiMGh0dHBzOi8vd3d3LnBuYXMub3JnL2RvaS8xMC4xMDczL3BuYXMuMjEwNDA1OTExONIBAA?hl=en-US&gl=US&ceid=US%3Aen
"Antimicrobial peptides: mechanism of action, activity and clinical ...",2021-09-09 00:00:00,https://news.google.com/./articles/CBMiSGh0dHBzOi8vbW1yam91cm5hbC5iaW9tZWRjZW50cmFsLmNvbS9hcnRpY2xlcy8xMC4xMTg2L3M0MDc3OS0wMjEtMDAzNDMtMtIBAA?hl=en-US&gl=US&ceid=US%3Aen
Global X SuperDividend ETF (SDIV): China Is One Of The Red Flags,2021-09-28 00:00:00,https://news.google.com/./articles/CBMiS2h0dHBzOi8vc2Vla2luZ2FscGhhLmNvbS9hcnRpY2xlLzQ0NTc0MzYtc2Rpdi1jaGluYS1pcy1vbmUtb2YtdGhlLXJlZC1mbGFnc9IBAA?hl=en-US&gl=US&ceid=US%3Aen
Plains All American Pipeline and Plains GP Holdings Announce Distributions,2021-10-04 00:00:00,https://news.google.com/./articles/CBMiUGh0dHBzOi8vZmluYW5jZS55YWhvby5jb20vbmV3cy9wbGFpbnMtYW1lcmljYW4tcGlwZWxpbmUtcGxhaW5zLWdwLTIxNTUwMDU4OC5odG1s0gFYaHR0cHM6Ly9maW5hbmNlLnlhaG9vLmNvbS9hbXBodG1sL25ld3MvcGxhaW5zLWFtZXJpY2FuLXBpcGVsaW5lLXBsYWlucy1ncC0yMTU1MDA1ODguaHRtbA?hl=en-US&gl=US&ceid=US%3Aen
Plains All American and Oryx Midstream Complete Formation of ...,2021-10-05 00:00:00,https://news.google.com/./articles/CBMioAFodHRwczovL3d3dy5nbG9iZW5ld3N3aXJlLmNvbS9uZXdzLXJlbGVhc2UvMjAyMS8xMC8wNS8yMzA5MTU5LzAvZW4vUGxhaW5zLUFsbC1BbWVyaWNhbi1hbmQtT3J5eC1NaWRzdHJlYW0tQ29tcGxldGUtRm9ybWF0aW9uLW9mLVBlcm1pYW4tQmFzaW4tSm9pbnQtVmVudHVyZS5odG1s0gEA?hl=en-US&gl=US&ceid=US%3Aen
Midstream Infrastructure - The 3 Best High-Yield Stocks Today,2021-10-07 00:00:00,https://news.google.com/./articles/CBMiUmh0dHBzOi8vc2Vla2luZ2FscGhhLmNvbS9hcnRpY2xlLzQ0NTg3ODAtdGhlLTMtYmVzdC1oaWdoLXlpZWxkLW9wcG9ydHVuaXRpZXMtdG9kYXnSAQA?hl=en-US&gl=US&ceid=US%3Aen
"EOG: The ""Apple"" of Oil",2021-10-12 00:00:00,https://news.google.com/./articles/CBMiSGh0dHBzOi8vd3d3Lm1vbmV5c2hvdy5jb20vYXJ0aWNsZXMvZGFpbHlndXJ1LTU3NDQ1L2VvZy10aGUtYXBwbGUtb2Ytb2lsL9IBAA?hl=en-US&gl=US&ceid=US%3Aen
Plains' Cushing Terminal to Become Delivery Point for the,2021-10-18 00:00:00,https://news.google.com/./articles/CBMirAFodHRwczovL3d3dy5nbG9iZW5ld3N3aXJlLmNvbS9lbi9uZXdzLXJlbGVhc2UvMjAyMS8xMC8xOC8yMzE2MDMwLzAvZW4vUGxhaW5zLUN1c2hpbmctVGVybWluYWwtdG8tQmVjb21lLURlbGl2ZXJ5LVBvaW50LWZvci10aGUtQmVuY2htYXJrLVdUSS1DcnVkZS1PaWwtRnV0dXJlcy1Db250cmFjdC5odG1s0gEA?hl=en-US&gl=US&ceid=US%3Aen
The Grinch May Steal Our Santa Claus Rally - Weighing The Factors ...,2021-12-06 00:00:00,https://news.google.com/./articles/CBMiY2h0dHBzOi8vc2Vla2luZ2FscGhhLmNvbS9hcnRpY2xlLzQ0NzM1MzctZ3JpbmNoLW1heS1zdGVhbC1zYW50YS1jbGF1cy1yYWxseS13ZWlnaGluZy1mYWN0b3JzLXRyYWRlc9IBAA?hl=en-US&gl=US&ceid=US%3Aen
"Point72 Asset Management Buys International Business Machines Corp, Activision Blizzard Inc, ...",2021-12-13 00:00:00,https://news.google.com/./articles/CBMiWWh0dHBzOi8vZmluYW5jZS55YWhvby5jb20vbmV3cy9wb2ludDcyLWFzc2V0LW1hbmFnZW1lbnQtYnV5cy1pbnRlcm5hdGlvbmFsLTA0MzgwODM4NC5odG1s0gFhaHR0cHM6Ly9maW5hbmNlLnlhaG9vLmNvbS9hbXBodG1sL25ld3MvcG9pbnQ3Mi1hc3NldC1tYW5hZ2VtZW50LWJ1eXMtaW50ZXJuYXRpb25hbC0wNDM4MDgzODQuaHRtbA?hl=en-US&gl=US&ceid=US%3Aen
Biophysical characterization of the homodimers of HomA and HomB ...,2021-12-28 00:00:00,https://news.google.com/./articles/CBMiMmh0dHBzOi8vd3d3Lm5hdHVyZS5jb20vYXJ0aWNsZXMvczQxNTk4LTAyMS0wNDAzOS000gEA?hl=en-US&gl=US&ceid=US%3Aen
Enterprise Products Partners Stock: The Hidden Sign That It Is A ...,2021-12-28 00:00:00,https://news.google.com/./articles/CBMiXGh0dHBzOi8vc2Vla2luZ2FscGhhLmNvbS9hcnRpY2xlLzQ0NzcwMzAtZW50ZXJwcmlzZS1wcm9kdWN0cy1wYXJ0bmVycy1pcy1hLXN1cGVyaW9yLWJ1c2luZXNz0gEA?hl=en-US&gl=US&ceid=US%3Aen
Toll Brothers: At Home with Affordable Luxury,2022-01-05 00:00:00,https://news.google.com/./articles/CBMiYGh0dHBzOi8vd3d3Lm1vbmV5c2hvdy5jb20vYXJ0aWNsZXMvZGFpbHlndXJ1LTU3OTYxL3RvbGwtYnJvdGhlcnMtYXQtaG9tZS13aXRoLWFmZm9yZGFibGUtbHV4dXJ5L9IBAA?hl=en-US&gl=US&ceid=US%3Aen
5 Energy Dividend Stocks To Consider In 2022,2022-01-09 00:00:00,https://news.google.com/./articles/CBMiXGh0dHBzOi8vb2lscHJpY2UuY29tL0VuZXJneS9FbmVyZ3ktR2VuZXJhbC81LUVuZXJneS1EaXZpZGVuZC1TdG9ja3MtVG8tQ29uc2lkZXItSW4tMjAyMi5odG1s0gFgaHR0cHM6Ly9vaWxwcmljZS5jb20vRW5lcmd5L0VuZXJneS1HZW5lcmFsLzUtRW5lcmd5LURpdmlkZW5kLVN0b2Nrcy1Uby1Db25zaWRlci1Jbi0yMDIyLmFtcC5odG1s?hl=en-US&gl=US&ceid=US%3Aen
"U.S. RESEARCH ROUNDUP Api Group, Apria, Zynga",2022-01-11 00:00:00,https://news.google.com/./articles/CBMiW2h0dHBzOi8vd3d3LnJldXRlcnMuY29tL21hcmtldHMvZnVuZHMvdXMtcmVzZWFyY2gtcm91bmR1cC1hcGktZ3JvdXAtYXByaWEtenluZ2EtMjAyMi0wMS0xMS_SAQA?hl=en-US&gl=US&ceid=US%3Aen
"Jammu and Kashmir Delimitation Commission renames 28 seats, deletes 19. What will be the impact?",2022-02-07 00:00:00,https://news.google.com/./articles/CBMijwFodHRwczovL3d3dy50aW1lc25vd25ld3MuY29tL2luZGlhL2FydGljbGUvamFtbXUtYW5kLWthc2htaXItZGVsaW1pdGF0aW9uLWNvbW1pc3Npb24tcmVuYW1lcy0yOC1zZWF0cy1kZWxldGVzLTE5LXdoYXQtd2lsbC1iZS10aGUtaW1wYWN0Lzg1NjczMdIBkwFodHRwczovL3d3dy50aW1lc25vd25ld3MuY29tL2FtcC9pbmRpYS9hcnRpY2xlL2phbW11LWFuZC1rYXNobWlyLWRlbGltaXRhdGlvbi1jb21taXNzaW9uLXJlbmFtZXMtMjgtc2VhdHMtZGVsZXRlcy0xOS13aGF0LXdpbGwtYmUtdGhlLWltcGFjdC84NTY3MzE?hl=en-US&gl=US&ceid=US%3Aen
Schlumberger: For the Next Energy Cycle,2022-02-11 00:00:00,https://news.google.com/./articles/CBMiWmh0dHBzOi8vd3d3Lm1vbmV5c2hvdy5jb20vYXJ0aWNsZXMvZGFpbHlndXJ1LTU4MjEzL3NjaGx1bWJlcmdlci1mb3ItdGhlLW5leHQtZW5lcmd5LWN5Y2xlL9IBAA?hl=en-US&gl=US&ceid=US%3Aen
"ONEOK: A Midstream With Upside, Possibly An Acquisition Target",2022-02-20 00:00:00,https://news.google.com/./articles/CBMif2h0dHBzOi8vc2Vla2luZ2FscGhhLmNvbS9hcnRpY2xlLzQ0ODg2MTktb25lb2stYS01LTk3LXBlcmNlbnQteWllbGRpbmctbWlkc3RyZWFtLXdpdGgtdXBzaWRlLWFuZC1wb3NzaWJseS1hbi1hY3F1aXNpdGlvbi10YXJnZXTSAQA?hl=en-US&gl=US&ceid=US%3Aen
Investment Committee Disclosures,2022-03-03 00:00:00,https://news.google.com/./articles/CBMiVWh0dHBzOi8vd3d3LmNuYmMuY29tLzIwMjIvMDMvMDMvaGFsZnRpbWUtcmVwb3J0LWludmVzdG1lbnQtY29tbWl0dGVlLWRpc2Nsb3N1cmVzLmh0bWzSAVlodHRwczovL3d3dy5jbmJjLmNvbS9hbXAvMjAyMi8wMy8wMy9oYWxmdGltZS1yZXBvcnQtaW52ZXN0bWVudC1jb21taXR0ZWUtZGlzY2xvc3VyZXMuaHRtbA?hl=en-US&gl=US&ceid=US%3Aen
How human biology and behavior affect indoor air quality ...,2022-03-03 00:00:00,https://news.google.com/./articles/CBMiMGh0dHBzOi8vd3d3LnBuYXMub3JnL2RvaS8xMC4xMDczL3BuYXMuMjAxNjE2MTExN9IBAA?hl=en-US&gl=US&ceid=US%3Aen
Energy Transfer Stock: Set To Soar And Too Cheap (ET),2022-03-10 00:00:00,https://news.google.com/./articles/CBMiTWh0dHBzOi8vc2Vla2luZ2FscGhhLmNvbS9hcnRpY2xlLzQ0OTQwNjUtZW5lcmd5LXRyYW5zZmVyLXN0b2NrLXNvYXItdG9vLWNoZWFw0gEA?hl=en-US&gl=US&ceid=US%3Aen
Remodeling Yersinia pseudotuberculosis to generate a highly ...,2022-03-12 00:00:00,https://news.google.com/./articles/CBMiMGh0dHBzOi8vd3d3LnBuYXMub3JnL2RvaS8xMC4xMDczL3BuYXMuMjEwOTY2NzExOdIBAA?hl=en-US&gl=US&ceid=US%3Aen
Tap These 5 Bargain Stocks With Amazingly Low EV-to-EBITDA Ratios,2022-03-16 00:00:00,https://news.google.com/./articles/CBMiTGh0dHBzOi8vZmluYW5jZS55YWhvby5jb20vbmV3cy90YXAtNS1iYXJnYWluLXN0b2Nrcy1hbWF6aW5nbHktMTAyMzEwNzkxLmh0bWzSAVRodHRwczovL2ZpbmFuY2UueWFob28uY29tL2FtcGh0bWwvbmV3cy90YXAtNS1iYXJnYWluLXN0b2Nrcy1hbWF6aW5nbHktMTAyMzEwNzkxLmh0bWw?hl=en-US&gl=US&ceid=US%3Aen
Williams (WMB) to Acquire Trace Midstream's Assets for $950M,2022-03-18 00:00:00,https://news.google.com/./articles/CBMiWWh0dHBzOi8vd3d3Lm5hc2RhcS5jb20vYXJ0aWNsZXMvd2lsbGlhbXMtd21iLXRvLWFjcXVpcmUtdHJhY2UtbWlkc3RyZWFtcy1hc3NldHMtZm9yLSQ5NTBt0gEA?hl=en-US&gl=US&ceid=US%3Aen
Plains All American Announces Officer Promotion and Appointment,2022-04-04 00:00:00,https://news.google.com/./articles/CBMiigFodHRwczovL3d3dy5nbG9iZW5ld3N3aXJlLmNvbS9lbi9uZXdzLXJlbGVhc2UvMjAyMi8wNC8wNC8yNDE2MTE0LzAvZW4vUGxhaW5zLUFsbC1BbWVyaWNhbi1Bbm5vdW5jZXMtT2ZmaWNlci1Qcm9tb3Rpb24tYW5kLUFwcG9pbnRtZW50Lmh0bWzSAQA?hl=en-US&gl=US&ceid=US%3Aen
Plains All American Pipeline and Plains GP Holdings Announce ...,2022-04-05 00:00:00,https://news.google.com/./articles/CBMiUGh0dHBzOi8vZmluYW5jZS55YWhvby5jb20vbmV3cy9wbGFpbnMtYW1lcmljYW4tcGlwZWxpbmUtcGxhaW5zLWdwLTIxMDAwMDgyMS5odG1s0gEA?hl=en-US&gl=US&ceid=US%3Aen
"Is Energy Transfer A Good Dividend Stock? No, The Problem Isn't ...",2022-04-14 00:00:00,https://news.google.com/./articles/CBMiT2h0dHBzOi8vc2Vla2luZ2FscGhhLmNvbS9hcnRpY2xlLzQ1MDEzOTgtaXMtZW5lcmd5LXRyYW5zZmVyLWdvb2QtZGl2aWRlbmQtc3RvY2vSAQA?hl=en-US&gl=US&ceid=US%3Aen
Alexandra Pruner Joins Malta Inc.'s Female Team Leading Energy ...,2022-04-20 00:00:00,https://news.google.com/./articles/CBMigQFodHRwczovL3d3dy5idXNpbmVzc3dpcmUuY29tL25ld3MvaG9tZS8yMDIyMDQyMDAwNTg5Ni9lbi9BbGV4YW5kcmEtUHJ1bmVyLUpvaW5zLU1hbHRhLUluYy5zLUZlbWFsZS1UZWFtLUxlYWRpbmctRW5lcmd5LVRyYW5zaXRpb27SAQA?hl=en-US&gl=US&ceid=US%3Aen
Atura Power and Plains All American Sign MOU for Underground ...,2022-04-21 00:00:00,https://news.google.com/./articles/CBMioQFodHRwczovL3d3dy5nbG9iZW5ld3N3aXJlLmNvbS9uZXdzLXJlbGVhc2UvMjAyMi8wNC8yMS8yNDI2ODcyLzAvZW4vQXR1cmEtUG93ZXItYW5kLVBsYWlucy1BbGwtQW1lcmljYW4tU2lnbi1NT1UtZm9yLVVuZGVyZ3JvdW5kLUh5ZHJvZ2VuLVN0b3JhZ2UtRmVhc2liaWxpdHkuaHRtbNIBAA?hl=en-US&gl=US&ceid=US%3Aen
These Are The Ten Biggest Pipeline Companies,2022-05-02 00:00:00,https://news.google.com/./articles/CBMiOWh0dHBzOi8vd3d3LnZhbHVld2Fsay5jb20vdGVuLWJpZ2dlc3QtcGlwZWxpbmUtY29tcGFuaWVzL9IBAA?hl=en-US&gl=US&ceid=US%3Aen
"SALIENT MIDSTREAM & MLP FUND ANNOUNCES SECOND QUARTER 2022 DISTRIBUTION OF $0.0875 PER SHARE AND NET ASSET VALUE AS OF APRIL 30, 2022",2022-05-05 00:00:00,https://news.google.com/./articles/CBMiUmh0dHBzOi8vZmluYW5jZS55YWhvby5jb20vbmV3cy9zYWxpZW50LW1pZHN0cmVhbS1tbHAtZnVuZC1hbm5vdW5jZXMtMjAyNzAwMTczLmh0bWzSAVpodHRwczovL2ZpbmFuY2UueWFob28uY29tL2FtcGh0bWwvbmV3cy9zYWxpZW50LW1pZHN0cmVhbS1tbHAtZnVuZC1hbm5vdW5jZXMtMjAyNzAwMTczLmh0bWw?hl=en-US&gl=US&ceid=US%3Aen
The 5 Best Energy Dividend Stocks For 2022 | OilPrice.com,2022-05-09 00:00:00,https://news.google.com/./articles/CBMiWmh0dHBzOi8vb2lscHJpY2UuY29tL0VuZXJneS9FbmVyZ3ktR2VuZXJhbC9UaGUtNS1CZXN0LUVuZXJneS1EaXZpZGVuZC1TdG9ja3MtRm9yLTIwMjIuaHRtbNIBAA?hl=en-US&gl=US&ceid=US%3Aen
"Billionaires Are Buying Oil And Gas Hand Over Fist, You Should Too!",2022-05-09 00:00:00,https://news.google.com/./articles/CBMiamh0dHBzOi8vc2Vla2luZ2FscGhhLmNvbS9hcnRpY2xlLzQ1MDc4NzctYmlsbGlvbmFpcmVzLWFyZS1idXlpbmctb2lsLWFuZC1nYXMtaGFuZC1vdmVyLWZpc3QteW91LXNob3VsZC10b2_SAQA?hl=en-US&gl=US&ceid=US%3Aen
Fast slow folding of an outer membrane porin | Proceedings of the ...,2022-05-17 00:00:00,https://news.google.com/./articles/CBMiMGh0dHBzOi8vd3d3LnBuYXMub3JnL2RvaS8xMC4xMDczL3BuYXMuMjEyMTQ4NzExOdIBAA?hl=en-US&gl=US&ceid=US%3Aen
2 High Yield Investment Grade Midstream C-Corps: Kinder Morgan ...,2022-05-18 00:00:00,https://news.google.com/./articles/CBMicWh0dHBzOi8vc2Vla2luZ2FscGhhLmNvbS9hcnRpY2xlLzQ1MTI0ODMtMi1oaWdoLXlpZWxkLWludmVzdG1lbnQtZ3JhZGUtbWlkc3RyZWFtLWMtY29ycHMta2luZGVyLW1vcmdhbi1hbmQtcGxhaW5z0gEA?hl=en-US&gl=US&ceid=US%3Aen
"A Primer on I-Bonds: No Risk, High Return",2022-06-06 00:00:00,https://news.google.com/./articles/CBMiW2h0dHBzOi8vd3d3Lm1vbmV5c2hvdy5jb20vYXJ0aWNsZXMvZGFpbHlndXJ1LTU4ODU3L2EtcHJpbWVyLW9uLWktYm9uZHMtbm8tcmlzay1oaWdoLXJldHVybi_SAQA?hl=en-US&gl=US&ceid=US%3Aen
Dynamic interplay between the periplasmic chaperone SurA and the ...,2022-06-08 00:00:00,https://news.google.com/./articles/CBMiMmh0dHBzOi8vd3d3Lm5hdHVyZS5jb20vYXJ0aWNsZXMvczQyMDAzLTAyMi0wMzUwMi130gEA?hl=en-US&gl=US&ceid=US%3Aen
8 Unique Philly Tours You'll Actually Want to Take,2022-06-26 00:00:00,https://news.google.com/./articles/CBMiNGh0dHBzOi8vd3d3LnBoaWxseW1hZy5jb20vdGhpbmdzLXRvLWRvL3BoaWxseS10b3Vycy_SAQA?hl=en-US&gl=US&ceid=US%3Aen
"Yes, It's a Bear Market Rally; Here's What to Do About It ...",2022-06-29 00:00:00,https://news.google.com/./articles/CBMibGh0dHBzOi8vd3d3Lm1vbmV5c2hvdy5jb20vYXJ0aWNsZXMvdHJhZGluZ2lkZWEtNTkwMTgveWVzLWl0cy1hLWJlYXItbWFya2V0LXJhbGx5LWhlcmVzLXdoYXQtdG8tZG8tYWJvdXQtaXQtL9IBAA?hl=en-US&gl=US&ceid=US%3Aen
Plains All American Pipeline and Plains GP Holdings Announce ...,2022-07-07 00:00:00,https://news.google.com/./articles/CBMilQFodHRwczovL3d3dy5nbG9iZW5ld3N3aXJlLmNvbS9lbi9uZXdzLXJlbGVhc2UvMjAyMi8wNy8wNy8yNDc2MzE0LzAvZW4vUGxhaW5zLUFsbC1BbWVyaWNhbi1QaXBlbGluZS1hbmQtUGxhaW5zLUdQLUhvbGRpbmdzLUFubm91bmNlLURpc3RyaWJ1dGlvbnMuaHRtbNIBAA?hl=en-US&gl=US&ceid=US%3Aen
"Retire Early: Forget Rental Properties, Buy High Yield Stocks Instead",2022-07-08 00:00:00,https://news.google.com/./articles/CBMibGh0dHBzOi8vc2Vla2luZ2FscGhhLmNvbS9hcnRpY2xlLzQ1MjIyODMtcmV0aXJlLWVhcmx5LWZvcmdldC1yZW50YWwtcHJvcGVydGllcy1idXktaGlnaC15aWVsZC1zdG9ja3MtaW5zdGVhZNIBAA?hl=en-US&gl=US&ceid=US%3Aen
Is Energy Transfer Stock A Good Long-Term Investment? (NYSE:ET),2022-07-19 00:00:00,https://news.google.com/./articles/CBMiW2h0dHBzOi8vc2Vla2luZ2FscGhhLmNvbS9hcnRpY2xlLzQ1MjQxNDctaXMtZW5lcmd5LXRyYW5zZmVyLXN0b2NrLWdvb2QtbG9uZy10ZXJtLWludmVzdG1lbnTSAQA?hl=en-US&gl=US&ceid=US%3Aen
"The Fed Is Killing Your Portfolio, You Need To Save It",2022-07-21 00:00:00,https://news.google.com/./articles/CBMiU2h0dHBzOi8vc2Vla2luZ2FscGhhLmNvbS9hcnRpY2xlLzQ1MjQ0NTYtZmVkLWtpbGxpbmcteW91ci1wb3J0Zm9saW8tbmVlZC10by1zYXZlLWl00gEA?hl=en-US&gl=US&ceid=US%3Aen
Retire Early With Passive Income: Forget XLE - Do This Instead,2022-07-25 00:00:00,https://news.google.com/./articles/CBMiZGh0dHBzOi8vc2Vla2luZ2FscGhhLmNvbS9hcnRpY2xlLzQ1MjUyNjgtcmV0aXJlLWVhcmx5LXdpdGgtcGFzc2l2ZS1pbmNvbWUtZm9yZ2V0LXhsZS1kby10aGlzLWluc3RlYWTSAQA?hl=en-US&gl=US&ceid=US%3Aen
ONEOK: Things Are Not OK (NYSE:OKE),2022-07-26 00:00:00,https://news.google.com/./articles/CBMiQGh0dHBzOi8vc2Vla2luZ2FscGhhLmNvbS9hcnRpY2xlLzQ1MjU4NTEtb25lb2stdGhpbmdzLWFyZS1ub3Qtb2vSAQA?hl=en-US&gl=US&ceid=US%3Aen
"Plains All American Pipeline, L.P. and Plains GP Holdings Announce Appointment of New Board Member",2022-07-27 00:00:00,https://news.google.com/./articles/CBMiSmh0dHBzOi8vZmluYW5jZS55YWhvby5jb20vbmV3cy9wbGFpbnMtYW1lcmljYW4tcGlwZWxpbmUtbC1wLTIwNDUwMDYwNC5odG1s0gFSaHR0cHM6Ly9maW5hbmNlLnlhaG9vLmNvbS9hbXBodG1sL25ld3MvcGxhaW5zLWFtZXJpY2FuLXBpcGVsaW5lLWwtcC0yMDQ1MDA2MDQuaHRtbA?hl=en-US&gl=US&ceid=US%3Aen
Plains All American Releases 2021 Sustainability Report,2022-07-28 00:00:00,https://news.google.com/./articles/CBMiggFodHRwczovL3d3dy5nbG9iZW5ld3N3aXJlLmNvbS9lbi9uZXdzLXJlbGVhc2UvMjAyMi8wNy8yOC8yNDg3OTUyLzAvZW4vUGxhaW5zLUFsbC1BbWVyaWNhbi1SZWxlYXNlcy0yMDIxLVN1c3RhaW5hYmlsaXR5LVJlcG9ydC5odG1s0gEA?hl=en-US&gl=US&ceid=US%3Aen
Equitrans' MVP pipeline project gets boost from Manchin side deal ...,2022-08-01 00:00:00,https://news.google.com/./articles/CBMicGh0dHBzOi8vc2Vla2luZ2FscGhhLmNvbS9uZXdzLzM4NjQyOTAtZXF1aXRyYW5zLW12cC1waXBlbGluZS1wcm9qZWN0LWdldHMtYm9vc3QtZnJvbS1tYW5jaGluLXNpZGUtZGVhbC1ibG9vbWJlcmfSAQA?hl=en-US&gl=US&ceid=US%3Aen
CEF Focus Investing - The Art Of Waiting,2022-08-02 00:00:00,https://news.google.com/./articles/CBMiS2h0dHBzOi8vc2Vla2luZ2FscGhhLmNvbS9hcnRpY2xlLzQ1Mjg0NjEtY2VmLWZvY3VzLWludmVzdGluZy1hcnQtb2Ytd2FpdGluZ9IBAA?hl=en-US&gl=US&ceid=US%3Aen
Plains All American Pipeline (PAA) Q2 2022 Earnings Call Transcript,2022-08-04 00:00:00,https://news.google.com/./articles/CBMibGh0dHBzOi8vd3d3LmZvb2wuY29tL2Vhcm5pbmdzL2NhbGwtdHJhbnNjcmlwdHMvMjAyMi8wOC8wNC9wbGFpbnMtYWxsLWFtZXJpY2FuLXBpcGVsaW5lLXBhYS1xMi0yMDIyLWVhcm5pbmdzL9IBAA?hl=en-US&gl=US&ceid=US%3Aen
Energy Transfer Stock: Buy This Recession-Resistant Stock (NYSE ...,2022-08-07 00:00:00,https://news.google.com/./articles/CBMifGh0dHBzOi8vc2Vla2luZ2FscGhhLmNvbS9hcnRpY2xlLzQ1MzEwMTItZW5lcmd5LXRyYW5zZmVyLXN0b2NrLW5lZWQtbW9yZS1jYXNoLWJ1eS10aGlzLXJlY2Vzc2lvbi1yZXNpc3RhbnQtOC01LXBlcmNlbnQteWllbGTSAQA?hl=en-US&gl=US&ceid=US%3Aen
Plains Midstream Canada Pursuing Fort Saskatchewan Facility ...,2022-08-16 00:00:00,https://news.google.com/./articles/CBMikAFodHRwczovL3d3dy5nbG9iZW5ld3N3aXJlLmNvbS9lbi9uZXdzLXJlbGVhc2UvMjAyMi8wOC8xNi8yNDk5NTc2LzAvZW4vUGxhaW5zLU1pZHN0cmVhbS1DYW5hZGEtUHVyc3VpbmctRm9ydC1TYXNrYXRjaGV3YW4tRmFjaWxpdHktRXhwYW5zaW9uLmh0bWzSAQA?hl=en-US&gl=US&ceid=US%3Aen
Kayne Anderson NextGen Energy & Infrastructure Provides ...,2023-02-01 08:18:33.270753,https://news.google.com/./articles/CBMi8AFodHRwczovL3d3dy5nbG9iZW5ld3N3aXJlLmNvbS9uZXdzLXJlbGVhc2UvMjAyMy8wMi8wMi8yNjAwMTA3LzAvZW4vS2F5bmUtQW5kZXJzb24tTmV4dEdlbi1FbmVyZ3ktSW5mcmFzdHJ1Y3R1cmUtUHJvdmlkZXMtVW5hdWRpdGVkLUJhbGFuY2UtU2hlZXQtSW5mb3JtYXRpb24tYW5kLUFubm91bmNlcy1pdHMtTmV0LUFzc2V0LVZhbHVlLWFuZC1Bc3NldC1Db3ZlcmFnZS1SYXRpb3MtYXQtSmFudWFyeS0zMS0yMDIzLmh0bWzSAQA?hl=en-US&gl=US&ceid=US%3Aen
Plains GP Holdings L.P. (NASDAQ: PAGP): The Stock To Invest In ...,2023-02-01 08:18:33.271941,https://news.google.com/./articles/CBMifGh0dHBzOi8vbWFya2V0aW5nc2VudGluZWwuY29tLzIwMjMvMDIvMDEvcGxhaW5zLWdwLWhvbGRpbmdzLWwtcC1uYXNkYXEtcGFncC10aGUtc3RvY2stdG8taW52ZXN0LWluLW92ZXItdGhlLW5leHQtZmV3LW1vbnRocy_SAQA?hl=en-US&gl=US&ceid=US%3Aen
Energy Income Weekly: Risk-On Trade Prompts Dash To Low ...,2023-02-03 08:18:33.270890,https://news.google.com/./articles/CBMidmh0dHBzOi8vc2Vla2luZ2FscGhhLmNvbS9hcnRpY2xlLzQ1NzQ5ODMtZW5lcmd5LWluY29tZS13ZWVrbHktdGhlLXJpc2stb24tdHJhZGUtcHJvbXB0cy1hLWRhc2gtdG8tbG93LXF1YWxpdHktZXF1aXRpZXPSAQA?hl=en-US&gl=US&ceid=US%3Aen
Penny Stocks & What To Watch in the Stock Market This Week 2/6-2/10,2023-02-05 08:18:33.271811,https://news.google.com/./articles/CBMic2h0dHBzOi8vcGVubnlzdG9ja3MuY29tL2ZlYXR1cmVkLzIwMjMvMDIvMDUvcGVubnktc3RvY2tzLXdoYXQtdG8td2F0Y2gtaW4tdGhlLXN0b2NrLW1hcmtldC10aGlzLXdlZWstMi02LTItMTAtMjAyMy_SAXNodHRwczovL3Blbm55c3RvY2tzLmNvbS9mZWF0dXJlZC8yMDIzLzAyLzA1L3Blbm55LXN0b2Nrcy13aGF0LXRvLXdhdGNoLWluLXRoZS1zdG9jay1tYXJrZXQtdGhpcy13ZWVrLTItNi0yLTEwLTIwMjMv?hl=en-US&gl=US&ceid=US%3Aen
TTP: A Lot To Like With This 8.12%-Yielding MLP CEF,2023-02-06 08:18:33.271677,https://news.google.com/./articles/CBMiYmh0dHBzOi8vc2Vla2luZ2FscGhhLmNvbS9hcnRpY2xlLzQ1NzU2MDEtdHRwLWEtbG90LXRvLWxpa2Utd2l0aC10aGlzLTgtMTItcGVyY2VudC15aWVsZGluZy1tbHAtY2Vm0gEA?hl=en-US&gl=US&ceid=US%3Aen
Quantbot Technologies LP Buys 1639 Shares of Plains GP Holdings ...,2023-02-06 08:18:33.272466,https://news.google.com/./articles/CBMidWh0dHBzOi8vd3d3LmV0ZmRhaWx5bmV3cy5jb20vMjAyMy8wMi8wNi9xdWFudGJvdC10ZWNobm9sb2dpZXMtbHAtYnV5cy0xNjM5LXNoYXJlcy1vZi1wbGFpbnMtZ3AtaG9sZGluZ3MtbC1wLW55c2VwYWdwL9IBAA?hl=en-US&gl=US&ceid=US%3Aen
Great West Life Assurance Co. Can Makes New $98000 Investment ...,2023-02-07 08:18:33.270231,https://news.google.com/./articles/CBMiSmh0dHBzOi8vd3d3Lm1hcmtldGJlYXQuY29tL2luc3RhbnQtYWxlcnRzL255c2UtcGFncC1zZWMtZmlsaW5nLTIwMjMtMDItMDcv0gEA?hl=en-US&gl=US&ceid=US%3Aen
Notable earnings after Wednesday's close,2023-02-07 08:18:33.271152,https://news.google.com/./articles/CBMiTWh0dHBzOi8vc2Vla2luZ2FscGhhLmNvbS9uZXdzLzM5MzI4OTktbm90YWJsZS1lYXJuaW5ncy1hZnRlci13ZWRuZXNkYXlzLWNsb3Nl0gEA?hl=en-US&gl=US&ceid=US%3Aen
Plains GP: Q4 Earnings Snapshot,2023-02-08 08:18:33.269278,https://news.google.com/./articles/CBMiU2h0dHBzOi8vd3d3LmN0cG9zdC5jb20vYnVzaW5lc3MvYXJ0aWNsZS9wbGFpbnMtZ3AtcTQtZWFybmluZ3Mtc25hcHNob3QtMTc3NzI4MTQucGhw0gEA?hl=en-US&gl=US&ceid=US%3Aen
Plains GP: Q4 Earnings Snapshot - Houston,2023-02-08 08:18:33.269960,https://news.google.com/./articles/CBMiUmh0dHBzOi8vd3d3LmNocm9uLmNvbS9idXNpbmVzcy9hcnRpY2xlL3BsYWlucy1ncC1xNC1lYXJuaW5ncy1zbmFwc2hvdC0xNzc3MjgxNC5waHDSAQA?hl=en-US&gl=US&ceid=US%3Aen
Plains GP Holdings Misses Q4 EPS by 41c By Investing.com,2023-02-08 08:18:33.271285,https://news.google.com/./articles/CBMiU2h0dHBzOi8vaW4uaW52ZXN0aW5nLmNvbS9uZXdzL3BsYWlucy1ncC1ob2xkaW5ncy1taXNzZXMtcTQtZXBzLWJ5LTQxYy00MzJTSS0zNTE1MzA10gEA?hl=en-US&gl=US&ceid=US%3Aen
Plains GP L P : 12-31-22 Non-GAAP Reconciliations,2023-02-08 08:18:33.271547,https://news.google.com/./articles/CBMiiQFodHRwczovL3d3dy5tYXJrZXRzY3JlZW5lci5jb20vcXVvdGUvc3RvY2svUExBSU5TLUdQLUhPTERJTkdTLUwtUC0zMTkxODY3OC9uZXdzL1BsYWlucy1HUC1MLVAtMTItMzEtMjItTm9uLUdBQVAtUmVjb25jaWxpYXRpb25zLTQyOTM1MTQzL9IBjQFodHRwczovL3d3dy5tYXJrZXRzY3JlZW5lci5jb20vYW1wL3F1b3RlL3N0b2NrL1BMQUlOUy1HUC1IT0xESU5HUy1MLVAtMzE5MTg2NzgvbmV3cy9QbGFpbnMtR1AtTC1QLTEyLTMxLTIyLU5vbi1HQUFQLVJlY29uY2lsaWF0aW9ucy00MjkzNTE0My8?hl=en-US&gl=US&ceid=US%3Aen
Plains All American Pipeline L P : 2022 4Q PAA & PAGP Earnings Conference Call Script � Q&A � Slides � Non-GAAP Reconciliation,2023-02-09 08:18:33.269141,https://news.google.com/./articles/CBMitgFodHRwczovL3d3dy5tYXJrZXRzY3JlZW5lci5jb20vcXVvdGUvc3RvY2svUExBSU5TLUFMTC1BTUVSSUNBTi1QSVBFTC0xMzkzMS9uZXdzL1BsYWlucy1BbGwtQW1lcmljYW4tUGlwZWxpbmUtTC1QLTIwMjItNFEtUEFBLVBBR1AtRWFybmluZ3MtQ29uZmVyZW5jZS1DYWxsLVNjcmlwdC02NTUzMy1RLUEtLTQyOTQ2MDYwL9IBugFodHRwczovL3d3dy5tYXJrZXRzY3JlZW5lci5jb20vYW1wL3F1b3RlL3N0b2NrL1BMQUlOUy1BTEwtQU1FUklDQU4tUElQRUwtMTM5MzEvbmV3cy9QbGFpbnMtQWxsLUFtZXJpY2FuLVBpcGVsaW5lLUwtUC0yMDIyLTRRLVBBQS1QQUdQLUVhcm5pbmdzLUNvbmZlcmVuY2UtQ2FsbC1TY3JpcHQtNjU1MzMtUS1BLS00Mjk0NjA2MC8?hl=en-US&gl=US&ceid=US%3Aen
"Plains GP Holdings, L.P. (NYSE:PAGP) is Goodman Financial ...",2023-02-09 08:18:33.269687,https://news.google.com/./articles/CBMiSmh0dHBzOi8vd3d3Lm1hcmtldGJlYXQuY29tL2luc3RhbnQtYWxlcnRzL255c2UtcGFncC1zZWMtZmlsaW5nLTIwMjMtMDItMDkv0gEA?hl=en-US&gl=US&ceid=US%3Aen
Plains GP: Q4 Earnings Snapshot,2023-02-09 08:18:33.270096,https://news.google.com/./articles/CBMifmh0dHBzOi8vYXBuZXdzLmNvbS9hcnRpY2xlL2F1dG9tYXRlZC1pbnNpZ2h0cy1lYXJuaW5ncy1wbGFpbnMtZ3AtaG9sZGluZ3MtbHAtaG91c3Rvbi1idXNpbmVzcy1kMmY5MjZjOTdmNGZiYzY2MDIyNzMwOTU2M2M2NjljN9IBAA?hl=en-US&gl=US&ceid=US%3Aen
Better Buy After Q4 Earnings: Enterprise Products Or Plains? (NYSE ...,2023-02-10 08:18:33.269417,https://news.google.com/./articles/CBMiY2h0dHBzOi8vc2Vla2luZ2FscGhhLmNvbS9hcnRpY2xlLzQ1NzcwNDQtYmV0dGVyLWJ1eS1hZnRlci1xNC1lYXJuaW5ncy1lbnRlcnByaXNlLXByb2R1Y3RzLW9yLXBsYWluc9IBAA?hl=en-US&gl=US&ceid=US%3Aen
Miller Howard Investments Inc,2023-02-11 08:17:57.715841,https://news.google.com/./articles/CBMixwFodHRwczovL3d3dy5ndXJ1Zm9jdXMuY29tL25ld3MvMTQ5MzMxNS9taWxsZXItaG93YXJkLWludmVzdG1lbnRzLWluYy1idXlzLWFsbHN0YXRlLWNvcnAtYmVzdC1idXktY28taW5jLWJhbmstb2YtbmV3LXlvcmstbWVsbG9uLWNvcnAtc2VsbHMtY2l0aWdyb3VwLWluYy10aGUtd2VzdGVybi11bmlvbi1jby1odW50aW5ndG9uLWJhbmNzaGFyZXMtaW5j0gEA?hl=en-US&gl=US&ceid=US%3Aen
The Manufacturers Life Insurance Company Sells 64552 Shares of ...,2023-02-12 08:18:33.272205,https://news.google.com/./articles/CBMijQFodHRwczovL3d3dy5kZWZlbnNld29ybGQubmV0LzIwMjMvMDIvMTIvdGhlLW1hbnVmYWN0dXJlcnMtbGlmZS1pbnN1cmFuY2UtY29tcGFueS1zZWxscy02NDU1Mi1zaGFyZXMtb2YtcGxhaW5zLWdwLWhvbGRpbmdzLWwtcC1ueXNlcGFncC0yLmh0bWzSAQA?hl=en-US&gl=US&ceid=US%3Aen
Plains All American Completes Divestiture of Interest in Keyera Fort Saskatchewan Facility,2023-02-13 08:18:33.269823,https://news.google.com/./articles/CBMiXGh0dHBzOi8vZmluYW5jZS55YWhvby5jb20vbmV3cy9wbGFpbnMtYW1lcmljYW4tY29tcGxldGVzLWRpdmVzdGl0dXJlLWludGVyZXN0LTIxMTUwMDg3OC5odG1s0gFkaHR0cHM6Ly9maW5hbmNlLnlhaG9vLmNvbS9hbXBodG1sL25ld3MvcGxhaW5zLWFtZXJpY2FuLWNvbXBsZXRlcy1kaXZlc3RpdHVyZS1pbnRlcmVzdC0yMTE1MDA4NzguaHRtbA?hl=en-US&gl=US&ceid=US%3Aen
Tim's Corner: An Energy Income Play,2023-02-13 08:18:33.272338,https://news.google.com/./articles/CBMiXGh0dHBzOi8vc2Vla2luZ2FscGhhLmNvbS9pbnN0YWJsb2cvNDk4OTUyLWJyZXQtamVuc2VuLzU4Mzg0NjYtdGltcy1jb3JuZXItZW5lcmd5LWluY29tZS1wbGF50gEA?hl=en-US&gl=US&ceid=US%3Aen
Exchange 2023 Recap: U.S. Energy at a Crossroads,2023-02-14 08:18:33.270618,https://news.google.com/./articles/CBMiX2h0dHBzOi8vZXRmZGIuY29tL2VuZXJneS1pbmZyYXN0cnVjdHVyZS1jaGFubmVsL2V4Y2hhbmdlLTIwMjMtcmVjYXAtdS1zLWVuZXJneS1hdC1hLWNyb3Nzcm9hZHMv0gEA?hl=en-US&gl=US&ceid=US%3Aen
"Energy Transfer GAAP EPS of $0.34 misses by $0.03, revenue of ...",2023-02-15 08:18:33.270490,https://news.google.com/./articles/CBMicGh0dHBzOi8vc2Vla2luZ2FscGhhLmNvbS9uZXdzLzM5MzY2MzktZW5lcmd5LXRyYW5zZmVyLWdhYXAtZXBzLW9mLTBfMzQtbWlzc2VzLTBfMDMtcmV2ZW51ZS1vZi0yMF81Yi1taXNzZXMtM18zMWLSAQA?hl=en-US&gl=US&ceid=US%3Aen
Stocks Mixed Tuesday Following CPI Report; Palantir Reports First ...,2023-02-15 08:18:33.271413,https://news.google.com/./articles/CBMijgFodHRwczovL3d3dy5pbnZlc3RvcnNvYnNlcnZlci5jb20vbmV3cy9tYXJrZXQtdXBkYXRlcy9zdG9ja3MtbWl4ZWQtdHVlc2RheS1mb2xsb3dpbmctY3BpLXJlcG9ydC1wYWxhbnRpci1yZXBvcnRzLWZpcnN0LWV2ZXItcHJvZml0YWJsZS1xdWFydGVy0gEA?hl=en-US&gl=US&ceid=US%3Aen
PAGP: Energy Income Without Tax Filing Hassles,2023-02-16 08:18:33.269551,https://news.google.com/./articles/CBMiYWh0dHBzOi8vd3d3Lm1vbmV5c2hvdy5jb20vYXJ0aWNsZXMvZGFpbHlndXJ1LTYwNDA0L3BhZ3AtZW5lcmd5LWluY29tZS13aXRob3V0LXRheC1maWxpbmctaGFzc2xlcy_SAQA?hl=en-US&gl=US&ceid=US%3Aen
Is Plains GP Holdings L.P.'s 17.24% Rise This Year Is A Better ...,2023-02-19 08:18:33.272073,https://news.google.com/./articles/CBMifGh0dHBzOi8vbWFya2V0aW5nc2VudGluZWwuY29tLzIwMjMvMDIvMTgvaXMtcGxhaW5zLWdwLWhvbGRpbmdzLWwtcC1zLTE3LTI0LXJpc2UtdGhpcy15ZWFyLWlzLWEtYmV0dGVyLWludmVzdGluZy1vcHBvcnR1bml0eS_SAQA?hl=en-US&gl=US&ceid=US%3Aen
4Q22 Midstream/MLP Dividends: Growth Continues,2023-02-21 08:18:33.270358,https://news.google.com/./articles/CBMiXmh0dHBzOi8vZXRmZGIuY29tL2VuZXJneS1pbmZyYXN0cnVjdHVyZS1jaGFubmVsLzRxMjItbWlkc3RyZWFtLW1scC1kaXZpZGVuZHMtZ3Jvd3RoLWNvbnRpbnVlcy_SAQA?hl=en-US&gl=US&ceid=US%3Aen
Q4 2022 Midstream/MLP Dividends: The Growth Continues,2023-02-22 08:18:33.271022,https://news.google.com/./articles/CBMidGh0dHBzOi8vc2Vla2luZ2FscGhhLmNvbS9hcnRpY2xlLzQ1ODA1MTktcTQtMjAyMi1taWRzdHJlYW0tbWxwLWRpdmlkZW5kcy10aGUtZ3Jvd3RoLWNvbnRpbnVlcz9zb3VyY2U9ZmVlZF9zeW1ib2xfZXBk0gEA?hl=en-US&gl=US&ceid=US%3Aen
Plains GP Holdings L.P. (PAGP) Stock: Evaluating the Market ...,2023-02-23 08:18:33.268852,https://news.google.com/./articles/CBMiZmh0dHBzOi8vbmV3c2hlYXRlci5jb20vMjAyMy8wMi8yMy9wbGFpbnMtZ3AtaG9sZGluZ3MtbC1wLXBhZ3Atc3RvY2stZXZhbHVhdGluZy10aGUtbWFya2V0LXBlcmZvcm1hbmNlL9IBAA?hl=en-US&gl=US&ceid=US%3Aen
A View of Plains All American Pipeline L.P. (PAA) Stock’s ...,2023-02-23 08:18:33.272599,https://news.google.com/./articles/CBMicWh0dHBzOi8vbXpwbmV3cy5jb20vMjAyMy8wMi8yMy9hLXZpZXctb2YtcGxhaW5zLWFsbC1hbWVyaWNhbi1waXBlbGluZS1sLXAtcGFhLXN0b2Nrcy1mdW5kYW1lbnRhbHMtYW5kLXZhbHVhdGlvbnMv0gEA?hl=en-US&gl=US&ceid=US%3Aen
EnLink Midstream LLC's (ENLC) Outlook: Recollecting The Past For ...,2023-02-23 08:18:33.272730,https://news.google.com/./articles/CBMic2h0dHBzOi8vc3RvY2tzcmVnaXN0ZXIuY29tLzIwMjMvMDIvMjMvZW5saW5rLW1pZHN0cmVhbS1sbGNzLWVubGMtb3V0bG9vay1yZWNvbGxlY3RpbmctdGhlLXBhc3QtZm9yLWZ1dHVyZS1pbnNpZ2h0cy_SAQA?hl=en-US&gl=US&ceid=US%3Aen
Plains GP Holdings L.P. [PAGP] moved up 1.72: Why It’s Important,2023-02-24 18:18:33.269000,https://news.google.com/./articles/CBMiW2h0dHBzOi8vZGJ0bmV3cy5jb20vMjAyMy8wMi8yNC9wbGFpbnMtZ3AtaG9sZGluZ3MtbC1wLXBhZ3AtbW92ZWQtdXAtMS03Mi13aHktaXRzLWltcG9ydGFudC_SAQA?hl=en-US&gl=US&ceid=US%3Aen
"Plains GP Holdings, L.P. (NYSE:PAGP) Shares Sold by Pin Oak ...",2023-02-25 02:18:33.268685,https://news.google.com/./articles/CBMiSmh0dHBzOi8vd3d3Lm1hcmtldGJlYXQuY29tL2luc3RhbnQtYWxlcnRzL255c2UtcGFncC1zZWMtZmlsaW5nLTIwMjMtMDItMjQv0gEA?hl=en-US&gl=US&ceid=US%3Aen
Excelerate Energy Stock: 2 New LNG Catalysts (NYSE:EE),,https://news.google.com/./articles/CBMiXWh0dHBzOi8vc2Vla2luZ2FscGhhLmNvbS9hcnRpY2xlLzQ1Mzc2ODUtZXhjZWxlcmF0ZS1lbmVyZ3ktbWFqb3ItY2F0YWx5c3RzLXRyYW5zZm9ybS1sbmctcGxhedIBAA?hl=en-US&gl=US&ceid=US%3Aen
"Plains All American: Good Yield, Don't Bet On Growth (NASDAQ:PAA)",,https://news.google.com/./articles/CBMiYGh0dHBzOi8vc2Vla2luZ2FscGhhLmNvbS9hcnRpY2xlLzQ1NDI2NzYtcGxhaW5zLWFsbC1hbWVyaWNhbi1waXBlbGluZS1nb29kLXlpZWxkLWRvbnQtYmV0LWdyb3d0aNIBAA?hl=en-US&gl=US&ceid=US%3Aen
Buffett Backs Up The Truck With Oil Stocks,,https://news.google.com/./articles/CBMiSmh0dHBzOi8vc2Vla2luZ2FscGhhLmNvbS9hcnRpY2xlLzQ1NDI0NDAtYnVmZmV0dC1iYWNrcy11cC10cnVjay1vaWwtc3RvY2tz0gEA?hl=en-US&gl=US&ceid=US%3Aen
Avoid This Dangerous Yield Trap And Buy These 6 High-Yield Blue ...,,https://news.google.com/./articles/CBMiXWh0dHBzOi8vc2Vla2luZ2FscGhhLmNvbS9hcnRpY2xlLzQ1Mzk5MjctYXZvaWQtZGFuZ2Vyb3VzLXlpZWxkLXRyYXAtYnV5LWhpZ2gteWllbGQtYmx1ZS1jaGlwc9IBAA?hl=en-US&gl=US&ceid=US%3Aen
QYLD: Why I Continue To Remain Bullish On This 16% Yielding ETF ...,,https://news.google.com/./articles/CBMibmh0dHBzOi8vc2Vla2luZ2FscGhhLmNvbS9hcnRpY2xlLzQ1NDI5NjktcXlsZC13aHktaS1jb250aW51ZS10by1yZW1haW4tYnVsbGlzaC1vbi10aGlzLTE2LXBlcmNlbnQteWllbGRpbmctZXRm0gEA?hl=en-US&gl=US&ceid=US%3Aen
Energy Transfer Stock: Insider Buying By Kelcy Warren As ET Is Still ...,,https://news.google.com/./articles/CBMiVGh0dHBzOi8vc2Vla2luZ2FscGhhLmNvbS9hcnRpY2xlLzQ1NDE3MzEtZW5lcmd5LXRyYW5zZmVyLWluc2lkZXItYnV5aW5nLWtlbGN5LXdhcnJlbtIBAA?hl=en-US&gl=US&ceid=US%3Aen
My 10% Income Portfolio: A Summer Reset,,https://news.google.com/./articles/CBMiVmh0dHBzOi8vc2Vla2luZ2FscGhhLmNvbS9hcnRpY2xlLzQ1Mzg3MDMtbXktMTAtcGVyY2VudC1pbmNvbWUtcG9ydGZvbGlvLWEtc3VtbWVyLXJlc2V00gEA?hl=en-US&gl=US&ceid=US%3Aen
Buy Volkswagen to Ride Along with Porsche's IPO,,https://news.google.com/./articles/CBMiYmh0dHBzOi8vd3d3Lm1vbmV5c2hvdy5jb20vYXJ0aWNsZXMvZGFpbHlndXJ1LTU5NTA0L2J1eS12b2xrc3dhZ2VuLXRvLXJpZGUtYWxvbmctd2l0aC1wb3JzY2hlcy1pcG8v0gEA?hl=en-US&gl=US&ceid=US%3Aen
Plains All American Pipeline and Plains GP Holdings Announce ...,,https://news.google.com/./articles/CBMilQFodHRwczovL3d3dy5nbG9iZW5ld3N3aXJlLmNvbS9lbi9uZXdzLXJlbGVhc2UvMjAyMi8xMC8xMC8yNTMxMzYyLzAvZW4vUGxhaW5zLUFsbC1BbWVyaWNhbi1QaXBlbGluZS1hbmQtUGxhaW5zLUdQLUhvbGRpbmdzLUFubm91bmNlLURpc3RyaWJ1dGlvbnMuaHRtbNIBAA?hl=en-US&gl=US&ceid=US%3Aen
TTP CEF: Updated Look At This High Yield Pipeline And MLP Fund,,https://news.google.com/./articles/CBMiWmh0dHBzOi8vc2Vla2luZ2FscGhhLmNvbS9hcnRpY2xlLzQ1NDQyNzUtdHRwLWNlZi11cGRhdGVkLWxvb2staGlnaC15aWVsZC1waXBlbGluZS1tbHAtZnVuZNIBAA?hl=en-US&gl=US&ceid=US%3Aen
"The Williams Companies Is Good, But Buy These 2 Pipelines ...",,https://news.google.com/./articles/CBMiZGh0dHBzOi8vc2Vla2luZ2FscGhhLmNvbS9hcnRpY2xlLzQ1NDY4NjItd2lsbGlhbXMtY29tcGFuaWVzLWdvb2QtYnV0LWJ1eS10aGVzZS10d28tcGlwZWxpbmVzLWluc3RlYWTSAQA?hl=en-US&gl=US&ceid=US%3Aen
Off To The RACES: FAANG Crushed,,https://news.google.com/./articles/CBMiTmh0dHBzOi8vc2Vla2luZ2FscGhhLmNvbS9hcnRpY2xlLzQ1NTA0Mzctb2ZmLXRvLXRoZS1yYWNlcy1mYWFuZy1zdG9ja3MtY3J1c2hlZNIBAA?hl=en-US&gl=US&ceid=US%3Aen
Kinder Morgan: 6.5% Dividend Yield Gets Stronger Day By Day ...,,https://news.google.com/./articles/CBMiamh0dHBzOi8vc2Vla2luZ2FscGhhLmNvbS9hcnRpY2xlLzQ1NDU5MzAta2luZGVyLW1vcmdhbi02LTUtcGVyY2VudC1kaXZpZGVuZC15aWVsZC1nZXRzLXN0cm9uZ2VyLWRheS1ieS1kYXnSAQA?hl=en-US&gl=US&ceid=US%3Aen
"I Am Swimming In Dividends: Magellan Midstream, Enbridge (NYSE ...",,https://news.google.com/./articles/CBMiXWh0dHBzOi8vc2Vla2luZ2FscGhhLmNvbS9hcnRpY2xlLzQ1NDUwODAtaW0tc3dpbW1pbmctaW4tZGl2aWRlbmRzLW1hZ2VsbGFuLW1pZHN0cmVhbS1lbmJyaWRnZdIBAA?hl=en-US&gl=US&ceid=US%3Aen
A Top Sector Choice For The Coming Cycle (NYSEARCA:OIH),,https://news.google.com/./articles/CBMiUWh0dHBzOi8vc2Vla2luZ2FscGhhLmNvbS9hcnRpY2xlLzQ1NDU2MjQtYS10b3Atc2VjdG9yLWNob2ljZS1mb3ItdGhlLWNvbWluZy1jeWNsZdIBAA?hl=en-US&gl=US&ceid=US%3Aen
"Plains All American Reports Third-Quarter 2022 Results, Increases ...",,https://news.google.com/./articles/CBMizwFodHRwczovL3d3dy5nbG9iZW5ld3N3aXJlLmNvbS9lbi9uZXdzLXJlbGVhc2UvMjAyMi8xMS8wMi8yNTQ3MDk1LzAvZW4vUGxhaW5zLUFsbC1BbWVyaWNhbi1SZXBvcnRzLVRoaXJkLVF1YXJ0ZXItMjAyMi1SZXN1bHRzLUluY3JlYXNlcy0yMDIyLUd1aWRhbmNlLWFuZC1Bbm5vdW5jZXMtTXVsdGktWWVhci1DYXBpdGFsLUFsbG9jYXRpb24tRnJhbWV3b3JrLmh0bWzSAQA?hl=en-US&gl=US&ceid=US%3Aen
"Western Midstream Partners, Enbridge and Plains Announce Cactus II Pipeline Transaction",,https://news.google.com/./articles/CBMiWGh0dHBzOi8vZmluYW5jZS55YWhvby5jb20vbmV3cy93ZXN0ZXJuLW1pZHN0cmVhbS1wYXJ0bmVycy1lbmJyaWRnZS1wbGFpbnMtMjAwNTAwMjU0Lmh0bWzSAWBodHRwczovL2ZpbmFuY2UueWFob28uY29tL2FtcGh0bWwvbmV3cy93ZXN0ZXJuLW1pZHN0cmVhbS1wYXJ0bmVycy1lbmJyaWRnZS1wbGFpbnMtMjAwNTAwMjU0Lmh0bWw?hl=en-US&gl=US&ceid=US%3Aen
"Cramer's lightning round: AST SpaceMobile is an exciting thing, not a stock",,https://news.google.com/./articles/CBMibWh0dHBzOi8vd3d3LmNuYmMuY29tLzIwMjIvMTEvMTgvY3JhbWVycy1saWdodG5pbmctcm91bmQtYXN0LXNwYWNlbW9iaWxlLWlzLWFuLWV4Y2l0aW5nLXRoaW5nLW5vdC1hLXN0b2NrLmh0bWzSAXFodHRwczovL3d3dy5jbmJjLmNvbS9hbXAvMjAyMi8xMS8xOC9jcmFtZXJzLWxpZ2h0bmluZy1yb3VuZC1hc3Qtc3BhY2Vtb2JpbGUtaXMtYW4tZXhjaXRpbmctdGhpbmctbm90LWEtc3RvY2suaHRtbA?hl=en-US&gl=US&ceid=US%3Aen
Dow Jones Falls; Donald Trump Stock Up After Vote Delay ...,,https://news.google.com/./articles/CBMiowFodHRwczovL3d3dy5pbnZlc3RvcnMuY29tL21hcmtldC10cmVuZC9zdG9jay1tYXJrZXQtdG9kYXkvZG93LWpvbmVzLWZsYXQtZG9uYWxkLXRydW1wLXN0b2NrLXN0ZWFkeS1hZnRlci12b3RlLWRlbGF5LWNvaW5iYXNlLWVhcm5pbmdzLWR1ZS1jb2luLXN0b2NrLWJpdGNvaW4tZ2FpbnMv0gEA?hl=en-US&gl=US&ceid=US%3Aen
Kayne Anderson NextGen Energy & Infrastructure Provides ...,,https://news.google.com/./articles/CBMi8AFodHRwczovL3d3dy5nbG9iZW5ld3N3aXJlLmNvbS9uZXdzLXJlbGVhc2UvMjAyMi8xMS8wMS8yNTQ2MTAzLzAvZW4vS2F5bmUtQW5kZXJzb24tTmV4dEdlbi1FbmVyZ3ktSW5mcmFzdHJ1Y3R1cmUtUHJvdmlkZXMtVW5hdWRpdGVkLUJhbGFuY2UtU2hlZXQtSW5mb3JtYXRpb24tYW5kLUFubm91bmNlcy1pdHMtTmV0LUFzc2V0LVZhbHVlLWFuZC1Bc3NldC1Db3ZlcmFnZS1SYXRpb3MtYXQtT2N0b2Jlci0zMS0yMDIyLmh0bWzSAQA?hl=en-US&gl=US&ceid=US%3Aen
MLP Monthly Report: November 2022 – Global X ETFs,,https://news.google.com/./articles/CBMiPWh0dHBzOi8vd3d3Lmdsb2JhbHhldGZzLmNvbS9tbHAtbW9udGhseS1yZXBvcnQtbm92ZW1iZXItMjAyMi_SAQA?hl=en-US&gl=US&ceid=US%3Aen
Inflation Has Peaked: Our Top Picks,,https://news.google.com/./articles/CBMiQ2h0dHBzOi8vc2Vla2luZ2FscGhhLmNvbS9hcnRpY2xlLzQ1NTYzMDktaW5mbGF0aW9uLXBlYWtlZC10b3AtcGlja3PSAQA?hl=en-US&gl=US&ceid=US%3Aen
"Jim Cramer Says This Stock Down 25% This Year Is 'Not To Be Touched, Because They're Doing Very Poorly' -",,https://news.google.com/./articles/CBMimQFodHRwczovL3d3dy5iZW56aW5nYS5jb20vdHJhZGluZy1pZGVhcy9sb25nLWlkZWFzLzIyLzExLzI5ODAwMzE0L2ppbS1jcmFtZXItc2F5cy10aGlzLXN0b2NrLWRvd24tMjUtdGhpcy15ZWFyLWlzLW5vdC10by1iZS10b3VjaGVkLWJlY2F1c2UtdGhleXJlLWRvaW5nLXbSAS1odHRwczovL3d3dy5iZW56aW5nYS5jb20vYW1wL2NvbnRlbnQvMjk4MDAzMTQ?hl=en-US&gl=US&ceid=US%3Aen
Midstream/MLPs: The Benefits Of Capital Allocation Frameworks,,https://news.google.com/./articles/CBMiXWh0dHBzOi8vc2Vla2luZ2FscGhhLmNvbS9hcnRpY2xlLzQ1NTgzMjEtbWlkc3RyZWFtLW1scC1jYXBpdGFsLWFsbG9jYXRpb24tZnJhbWV3b3Jrcy1iZW5lZml0c9IBAA?hl=en-US&gl=US&ceid=US%3Aen
TR Academy Network Certification Courses,,https://news.google.com/./articles/CBMiX2h0dHBzOi8vd3d3LmVudGVycHJpc2VuZXR3b3JraW5ncGxhbmV0LmNvbS9tYW5hZ2VtZW50L3RyLWFjYWRlbXktbmV0d29yay1jZXJ0aWZpY2F0aW9uLWNvdXJzZXMv0gEA?hl=en-US&gl=US&ceid=US%3Aen
SAFE Banking Act Could Light up Pot Stocks,,https://news.google.com/./articles/CBMiXmh0dHBzOi8vd3d3Lm1vbmV5c2hvdy5jb20vYXJ0aWNsZXMvZGFpbHlndXJ1LTU5ODE1L3NhZmUtYmFua2luZy1hY3QtY291bGQtbGlnaHQtdXAtcG90LXN0b2Nrcy_SAQA?hl=en-US&gl=US&ceid=US%3Aen
Williams Companies: Several Long-Term Growth Drivers (NYSE:WMB),,https://news.google.com/./articles/CBMiWGh0dHBzOi8vc2Vla2luZ2FscGhhLmNvbS9hcnRpY2xlLzQ1NTU5MTQtdGhlLXdpbGxpYW1zLWNvbXBhbmllcy1sb25nLXRlcm0tZ3Jvd3RoLWRyaXZlcnPSAQA?hl=en-US&gl=US&ceid=US%3Aen
Oil And Gas: Private Equity Backs Up The Truck,,https://news.google.com/./articles/CBMiVmh0dHBzOi8vc2Vla2luZ2FscGhhLmNvbS9hcnRpY2xlLzQ1NTg3MjItb2lsLWFuZC1nYXMtcHJpdmF0ZS1lcXVpdHktYmFja3MtdXAtdGhlLXRydWNr0gEA?hl=en-US&gl=US&ceid=US%3Aen
"Canadian ""Pipe Dreams""",,https://news.google.com/./articles/CBMiSGh0dHBzOi8vd3d3Lm1vbmV5c2hvdy5jb20vYXJ0aWNsZXMvZGFpbHlndXJ1LTU5ODIzL2NhbmFkaWFuLXBpcGUtZHJlYW1zL9IBAA?hl=en-US&gl=US&ceid=US%3Aen
2 Dirt Cheap High Dividends - Boost Your Income!,,https://news.google.com/./articles/CBMiVmh0dHBzOi8vc2Vla2luZ2FscGhhLmNvbS9hcnRpY2xlLzQ1NTI1OTYtMi1kaXJ0LWNoZWFwLWhpZ2gtZGl2aWRlbmRzLWJvb3N0LXlvdXItaW5jb21l0gEA?hl=en-US&gl=US&ceid=US%3Aen
Plains All American's Outperformance Is Not Reflected In Its Share ...,,https://news.google.com/./articles/CBMicGh0dHBzOi8vc2Vla2luZ2FscGhhLmNvbS9hcnRpY2xlLzQ1NjYwMjAtcGxhaW5zLWFsbC1hbWVyaWNhbnMtb3V0cGVyZm9ybWFuY2UtaXMtbm90LXJlZmxlY3RlZC1pbi1pdHMtc2hhcmUtcHJpY2XSAQA?hl=en-US&gl=US&ceid=US%3Aen
Better High Yield Buy: Magellan Midstream Or Plains? (MMP) (PAA),,https://news.google.com/./articles/CBMiW2h0dHBzOi8vc2Vla2luZ2FscGhhLmNvbS9hcnRpY2xlLzQ1NjI4ODUtYmV0dGVyLWhpZ2gteWllbGQtYnV5LW1hZ2VsbGFuLW1pZHN0cmVhbS1vci1wbGFpbnPSAQA?hl=en-US&gl=US&ceid=US%3Aen
Plains All American sells stake in KFS joint venture to Keyera for ...,,https://news.google.com/./articles/CBMibWh0dHBzOi8vc2Vla2luZ2FscGhhLmNvbS9uZXdzLzM5MTcyNTItcGxhaW5zLWFsbC1hbWVyaWNhbi1zZWxscy1zdGFrZS1pbi1rZnMtam9pbnQtdmVudHVyZS10by1rZXllcmEtZm9yLTI3MG3SAQA?hl=en-US&gl=US&ceid=US%3Aen
Plains All American Announces Sale of Minority Ownership Interest ...,,https://news.google.com/./articles/CBMitgFodHRwczovL3d3dy5nbG9iZW5ld3N3aXJlLmNvbS9lbi9uZXdzLXJlbGVhc2UvMjAyMi8xMi8xNC8yNTc0MDk4LzAvZW4vUGxhaW5zLUFsbC1BbWVyaWNhbi1Bbm5vdW5jZXMtU2FsZS1vZi1NaW5vcml0eS1Pd25lcnNoaXAtSW50ZXJlc3QtaW4tS2V5ZXJhLUZvcnQtU2Fza2F0Y2hld2FuLUpvaW50LVZlbnR1cmUuaHRtbNIBAA?hl=en-US&gl=US&ceid=US%3Aen
Kayne Anderson NextGen Energy & Infrastructure Provides ...,,https://news.google.com/./articles/CBMi8QFodHRwczovL3d3dy5nbG9iZW5ld3N3aXJlLmNvbS9uZXdzLXJlbGVhc2UvMjAyMi8xMi8wMy8yNTY2OTcyLzAvZW4vS2F5bmUtQW5kZXJzb24tTmV4dEdlbi1FbmVyZ3ktSW5mcmFzdHJ1Y3R1cmUtUHJvdmlkZXMtVW5hdWRpdGVkLUJhbGFuY2UtU2hlZXQtSW5mb3JtYXRpb24tYW5kLUFubm91bmNlcy1pdHMtTmV0LUFzc2V0LVZhbHVlLWFuZC1Bc3NldC1Db3ZlcmFnZS1SYXRpb3MtYXQtTm92ZW1iZXItMzAtMjAyMi5odG1s0gEA?hl=en-US&gl=US&ceid=US%3Aen
Examining Midstream/MLP Credit Ratings and Yields,,https://news.google.com/./articles/CBMiamh0dHBzOi8vd3d3LmV0ZnRyZW5kcy5jb20vZW5lcmd5LWluZnJhc3RydWN0dXJlLWNoYW5uZWwvZXhhbWluaW5nLW1pZHN0cmVhbS1tbHAtY3JlZGl0LXJhdGluZ3MtYW5kLXlpZWxkcy_SAW5odHRwczovL3d3dy5ldGZ0cmVuZHMuY29tL2VuZXJneS1pbmZyYXN0cnVjdHVyZS1jaGFubmVsL2V4YW1pbmluZy1taWRzdHJlYW0tbWxwLWNyZWRpdC1yYXRpbmdzLWFuZC15aWVsZHMvYW1wLw?hl=en-US&gl=US&ceid=US%3Aen
"SRV: Good Portfolio, High Yield, Attractive Valuation (NYSE:SRV)",,https://news.google.com/./articles/CBMiW2h0dHBzOi8vc2Vla2luZ2FscGhhLmNvbS9hcnRpY2xlLzQ1NjQ5MzQtc3J2LWdvb2QtcG9ydGZvbGlvLWhpZ2gteWllbGQtYXR0cmFjdGl2ZS12YWx1YXRpb27SAQA?hl=en-US&gl=US&ceid=US%3Aen
Scorpio Tankers FQ4 2022 Earnings Preview,,https://news.google.com/./articles/CBMiT2h0dHBzOi8vc2Vla2luZ2FscGhhLmNvbS9uZXdzLzM5MTY2MDgtc2NvcnBpby10YW5rZXJzLWZxNC0yMDIyLWVhcm5pbmdzLXByZXZpZXfSAQA?hl=en-US&gl=US&ceid=US%3Aen
Scorpio Tankers announces conversion of convertible bonds due ...,,https://news.google.com/./articles/CBMiaGh0dHBzOi8vc2Vla2luZ2FscGhhLmNvbS9uZXdzLzM5MTQxMjItc2NvcnBpby10YW5rZXJzLWFubm91bmNlcy1jb252ZXJzaW9uLW9mLWNvbnZlcnRpYmxlLWJvbmRzLWR1ZS0yMDI10gEA?hl=en-US&gl=US&ceid=US%3Aen
Equitrans' Pennsylvania gas leak under investigation by U.S. ...,,https://news.google.com/./articles/CBMiZmh0dHBzOi8vc2Vla2luZ2FscGhhLmNvbS9uZXdzLzM5MTM2NjctZXF1aXRyYW5zLXBlbm5zeWx2YW5pYS1nYXMtbGVhay11bmRlci1pbnZlc3RpZ2F0aW9uLWJ5LXVzLWFnZW5jedIBAA?hl=en-US&gl=US&ceid=US%3Aen
"Stocks That Hit 52-Week Lows On Thursday - AmerisourceBergen (NYSE:ABC), Arch Capital Group (NASDAQ:ACGL)",,https://news.google.com/./articles/CBMiYGh0dHBzOi8vd3d3LmJlbnppbmdhLmNvbS9tYXJrZXRzL29wdGlvbnMvMjIvMTIvMjk5MjYxNDQvc3RvY2tzLXRoYXQtaGl0LTUyLXdlZWstbG93cy1vbi10aHVyc2RhedIBLWh0dHBzOi8vd3d3LmJlbnppbmdhLmNvbS9hbXAvY29udGVudC8yOTkyNjE0NA?hl=en-US&gl=US&ceid=US%3Aen
Manchin bill to accelerate energy permits may get second chance ...,,https://news.google.com/./articles/CBMibGh0dHBzOi8vc2Vla2luZ2FscGhhLmNvbS9uZXdzLzM5MTM5NjEtbWFuY2hpbi1iaWxsLXRvLWFjY2VsZXJhdGUtZW5lcmd5LXBlcm1pdHMtbWF5LWdldC1zZWNvbmQtY2hhbmNlLXJlcG9ydNIBAA?hl=en-US&gl=US&ceid=US%3Aen
Plains All American (PAA): A Bright Future For Unitholders,,https://news.google.com/./articles/CBMiWmh0dHBzOi8vc2Vla2luZ2FscGhhLmNvbS9hcnRpY2xlLzQ1NjQ0NTAtcGxhaW5zLWFsbC1hbWVyaWNhbi1icmlnaHQtZnV0dXJlLWZvci11bml0aG9sZGVyc9IBAA?hl=en-US&gl=US&ceid=US%3Aen
"Energy Transfer Stock: You Wanted Consistency, You Got ...",,https://news.google.com/./articles/CBMiW2h0dHBzOi8vc2Vla2luZ2FscGhhLmNvbS9hcnRpY2xlLzQ1NjI4NzAtZW5lcmd5LXRyYW5zZmVyLXdhbnRlZC1jb25zaXN0ZW5jeS1nb3QtY29uc2lzdGVuY3nSAQA?hl=en-US&gl=US&ceid=US%3Aen
Energy Income Weekly: Rallying Into The End Of 2022,,https://news.google.com/./articles/CBMiW2h0dHBzOi8vc2Vla2luZ2FscGhhLmNvbS9hcnRpY2xlLzQ1NjY5ODktZW5lcmd5LWluY29tZS13ZWVrbHktcmFsbHlpbmctaW50by10aGUtZW5kLW9mLTIwMjLSAQA?hl=en-US&gl=US&ceid=US%3Aen
Top Picks 2023: Planet 13 Holdings (PLNHF),,https://news.google.com/./articles/CBMiWmh0dHBzOi8vd3d3Lm1vbmV5c2hvdy5jb20vYXJ0aWNsZXMvdHB0cDIwMjMtNjAwOTgvdG9wLXBpY2tzLTIwMjMtcGxhbmV0LTEzLWhvbGRpbmdzLXBsbmhmL9IBAA?hl=en-US&gl=US&ceid=US%3Aen
"Enbridge: 2023 Is Looking Good For Canadians, But Lackluster For ...",,https://news.google.com/./articles/CBMicWh0dHBzOi8vc2Vla2luZ2FscGhhLmNvbS9hcnRpY2xlLzQ1NjU0NDctZW5icmlkZ2UtMjAyMy1pcy1sb29raW5nLWdvb2QtZm9yLWNhbmFkaWFucy1idXQtbGFja2x1c3Rlci1mb3ItYW1lcmljYW5z0gEA?hl=en-US&gl=US&ceid=US%3Aen
Antero Midstream: Deleveraging To Take Priority Over Dividend ...,,https://news.google.com/./articles/CBMia2h0dHBzOi8vc2Vla2luZ2FscGhhLmNvbS9hcnRpY2xlLzQ1NjY3OTItYW50ZXJvLW1pZHN0cmVhbS1kZWxldmVyYWdpbmctdG8tdGFrZS1wcmlvcml0eS1vdmVyLWRpdmlkZW5kLWhpa2Vz0gEA?hl=en-US&gl=US&ceid=US%3Aen
After Fed Announcement Special Note,,https://news.google.com/./articles/CBMiWWh0dHBzOi8vd3d3Lm1vbmV5c2hvdy5jb20vYXJ0aWNsZXMvdHJhZGluZ2lkZWEtNjAwMDAvYWZ0ZXItZmVkLWFubm91bmNlbWVudC1zcGVjaWFsLW5vdGUv0gEA?hl=en-US&gl=US&ceid=US%3Aen
How to Diversify Your Portfolio with Real Estate Private Placements,,https://news.google.com/./articles/CBMihgFodHRwczovL3d3dy5tb25leXNob3cuY29tL3ZpZGVvLzI4Yzg2Zjc2ZWVlNTRjOTc5NDdkMWJiYjNiY2RhZWExMS9ob3ctdG8tZGl2ZXJzaWZ5LXlvdXItcG9ydGZvbGlvLXdpdGgtcmVhbC1lc3RhdGUtcHJpdmF0ZS1wbGFjZW1lbnRzL9IBAA?hl=en-US&gl=US&ceid=US%3Aen
"Plains GP Holdings, L.P. is sold by Barclays PLC for 34,984 shares ...",,https://news.google.com/./articles/CBMiSGh0dHBzOi8vYmVzdHN0b2Nrcy5jb20vcGxhaW5zLWdwLWhvbGRpbmdzLWwtcC1pcy1zb2xkLWJ5LWJhcmNsYXlzLXBsYy1mL9IBAA?hl=en-US&gl=US&ceid=US%3Aen
Dow Jones Rallies As Leader Surges; Elon Musk Mocks Tesla ...,,https://news.google.com/./articles/CBMioAFodHRwczovL3d3dy5pbnZlc3RvcnMuY29tL21hcmtldC10cmVuZC9zdG9jay1tYXJrZXQtdG9kYXkvZG93LWpvbmVzLWdhaW5zLWFzLXRoaXMtbGVhZGVyLXN1cmdlcy1lbG9uLW11c2stbW9ja3MtdGVzbGEtbGF3c3VpdC1sYXd5ZXItdGVzbGEtc3RvY2stdGVzbGEtZWFybmluZ3Mv0gEA?hl=en-US&gl=US&ceid=US%3Aen
Plains All American Pipeline and Plains GP Holdings Announce Timing of Fourth-Quarter and Full-Year 2022 Earnings,,https://news.google.com/./articles/CBMiUGh0dHBzOi8vZmluYW5jZS55YWhvby5jb20vbmV3cy9wbGFpbnMtYW1lcmljYW4tcGlwZWxpbmUtcGxhaW5zLWdwLTIxMTYwMDEzNS5odG1s0gFYaHR0cHM6Ly9maW5hbmNlLnlhaG9vLmNvbS9hbXBodG1sL25ld3MvcGxhaW5zLWFtZXJpY2FuLXBpcGVsaW5lLXBsYWlucy1ncC0yMTE2MDAxMzUuaHRtbA?hl=en-US&gl=US&ceid=US%3Aen
"Plains GP Holdings Clears Technical Benchmark, Hitting 80-Plus ...",,https://news.google.com/./articles/CBMic2h0dHBzOi8vd3d3LmludmVzdG9ycy5jb20vaWJkLWRhdGEtc3Rvcmllcy9wbGFpbnMtZ3AtaG9sZGluZ3MtY2xlYXJzLXRlY2huaWNhbC1iZW5jaG1hcmstaGl0dGluZy04MC1wbHVzLXJzLXJhdGluZy_SAQA?hl=en-US&gl=US&ceid=US%3Aen
Industrial and Finance Stocks Lead Highs Thursday; Markets Rise,,https://news.google.com/./articles/CBMidGh0dHBzOi8vd3d3LmludmVzdG9yc29ic2VydmVyLmNvbS9uZXdzL21hcmtldC11cGRhdGVzL2luZHVzdHJpYWwtYW5kLWZpbmFuY2Utc3RvY2tzLWxlYWQtaGlnaHMtdGh1cnNkYXktbWFya2V0cy1yaXNl0gF4aHR0cHM6Ly93d3cuaW52ZXN0b3Jzb2JzZXJ2ZXIuY29tL25ld3MvbWFya2V0LXVwZGF0ZXMvYW1wL2luZHVzdHJpYWwtYW5kLWZpbmFuY2Utc3RvY2tzLWxlYWQtaGlnaHMtdGh1cnNkYXktbWFya2V0cy1yaXNl?hl=en-US&gl=US&ceid=US%3Aen
Better High-Yield Midstream Buy: Enbridge Or Plains? (NYSE:ENB),,https://news.google.com/./articles/CBMiW2h0dHBzOi8vc2Vla2luZ2FscGhhLmNvbS9hcnRpY2xlLzQ1NzAzOTMtYmV0dGVyLWhpZ2gteWllbGQtbWlkc3RyZWFtLWJ1eS1lbmJyaWRnZS1vci1wbGFpbnPSAQA?hl=en-US&gl=US&ceid=US%3Aen
Plains All American Announces Officer Appointments,,https://news.google.com/./articles/CBMiemh0dHBzOi8vd3d3Lmdsb2JlbmV3c3dpcmUuY29tL25ld3MtcmVsZWFzZS8yMDIzLzAxLzA0LzI1ODMyOTAvMC9lbi9QbGFpbnMtQWxsLUFtZXJpY2FuLUFubm91bmNlcy1PZmZpY2VyLUFwcG9pbnRtZW50cy5odG1s0gEA?hl=en-US&gl=US&ceid=US%3Aen
Revisiting Antero Midstream Financial Progress (NYSE:AM),,https://news.google.com/./articles/CBMiV2h0dHBzOi8vc2Vla2luZ2FscGhhLmNvbS9hcnRpY2xlLzQ1NzE3MjEtcmV2aXNpdGluZy1hbnRlcm8tbWlkc3RyZWFtLWZpbmFuY2lhbC1wcm9ncmVzc9IBAA?hl=en-US&gl=US&ceid=US%3Aen
Simon Property Group: Stock Heads South While Business Goes ...,,https://news.google.com/./articles/CBMiaWh0dHBzOi8vc2Vla2luZ2FscGhhLmNvbS9hcnRpY2xlLzQ1Njk2MTMtc2ltb24tcHJvcGVydHktZ3JvdXAtc3RvY2staGVhZHMtc291dGgtd2hpbGUtYnVzaW5lc3MtZ29lcy1ub3J0aNIBAA?hl=en-US&gl=US&ceid=US%3Aen
Plains All American Stock: Dividend Increase In The Cards ...,,https://news.google.com/./articles/CBMiW2h0dHBzOi8vc2Vla2luZ2FscGhhLmNvbS9hcnRpY2xlLzQ1Njg0MDktcGxhaW5zLWFsbC1hbWVyaWNhbi1kaXZpZGVuZC1pbmNyZWFzZS1pbi10aGUtY2FyZHPSAQA?hl=en-US&gl=US&ceid=US%3Aen
Williams Companies: A Bargain For Income And Growth (NYSE:WMB),,https://news.google.com/./articles/CBMiW2h0dHBzOi8vc2Vla2luZ2FscGhhLmNvbS9hcnRpY2xlLzQ1Njk5NDEtd2lsbGlhbXMtY29tcGFuaWVzLWEtYmFyZ2Fpbi1mb3ItaW5jb21lLWFuZC1ncm93dGjSAQA?hl=en-US&gl=US&ceid=US%3Aen
Sleep Well At Night Infrastructure: Enterprise Products & Brookfield ...,,https://news.google.com/./articles/CBMieWh0dHBzOi8vc2Vla2luZ2FscGhhLmNvbS9hcnRpY2xlLzQ1NzE4Mzctc2xlZXAtd2VsbC1hdC1uaWdodC1pbmZyYXN0cnVjdHVyZS1lbnRlcnByaXNlLXByb2R1Y3RzLWJyb29rZmllbGQtaW5mcmFzdHJ1Y3R1cmXSAQA?hl=en-US&gl=US&ceid=US%3Aen
Scorpio Tankers reports Q1 and Q4 daily TCE revenues (NYSE:STNG),,https://news.google.com/./articles/CBMiYWh0dHBzOi8vc2Vla2luZ2FscGhhLmNvbS9uZXdzLzM5MjM3NzItc2NvcnBpby10YW5rZXJzLXVwZGF0ZXMtb24tZGFpbHktdGNlLXJldmVudWVzLXNoYXJlLWJ1eWJhY2vSAQA?hl=en-US&gl=US&ceid=US%3Aen
Equitrans wins positive FERC EIS for Ohio Valley Connector ...,,https://news.google.com/./articles/CBMiamh0dHBzOi8vc2Vla2luZ2FscGhhLmNvbS9uZXdzLzM5MjczODUtZXF1aXRyYW5zLXdpbnMtcG9zaXRpdmUtZmVyYy1laXMtZm9yLW9oaW8tdmFsbGV5LWNvbm5lY3Rvci1leHBhbnNpb27SAQA?hl=en-US&gl=US&ceid=US%3Aen
Devon Energy: China Is A Game Changer (NYSE:DVN),,https://news.google.com/./articles/CBMiTWh0dHBzOi8vc2Vla2luZ2FscGhhLmNvbS9hcnRpY2xlLzQ1NjgzNTAtZGV2b24tZW5lcmd5LWNoaW5hLWlzLWEtZ2FtZS1jaGFuZ2Vy0gEA?hl=en-US&gl=US&ceid=US%3Aen
SCHD ETF Is My Default Buy At Current Levels,,https://news.google.com/./articles/CBMiUWh0dHBzOi8vc2Vla2luZ2FscGhhLmNvbS9hcnRpY2xlLzQ1NzE0NzEtc2NoZC1pcy1teS1kZWZhdWx0LWJ1eS1hdC1jdXJyZW50LWxldmVsc9IBAA?hl=en-US&gl=US&ceid=US%3Aen
Exxon Mobil: The Train To Elephant Land Is Leaving The Station ...,,https://news.google.com/./articles/CBMiZmh0dHBzOi8vc2Vla2luZ2FscGhhLmNvbS9hcnRpY2xlLzQ1NjgzNzMtZXh4b24tbW9iaWwtdGhlLXRyYWluLXRvLWVsZXBoYW50LWxhbmQtaXMtbGVhdmluZy10aGUtc3RhdGlvbtIBAA?hl=en-US&gl=US&ceid=US%3Aen
Forget High Yield Bonds And Preferreds: Buy This Instead,,https://news.google.com/./articles/CBMiYGh0dHBzOi8vc2Vla2luZ2FscGhhLmNvbS9hcnRpY2xlLzQ1NzExMzgtZm9yZ2V0LWhpZ2gteWllbGQtYm9uZHMtYW5kLXByZWZlcnJlZHMtYnV5LXRoaXMtaW5zdGVhZNIBAA?hl=en-US&gl=US&ceid=US%3Aen
ONEOK: Buy This 5.4% Yielding Retirement Dream Blue-Chip ...,,https://news.google.com/./articles/CBMiSWh0dHBzOi8vc2Vla2luZ2FscGhhLmNvbS9hcnRpY2xlLzQ1Njk0MzEtb25lb2stcmV0aXJlbWVudC1kcmVhbS1ibHVlLWNoaXDSAQA?hl=en-US&gl=US&ceid=US%3Aen
Top Picks 2023: Tourmaline Oil (Toronto: TOU),,https://news.google.com/./articles/CBMiXGh0dHBzOi8vd3d3Lm1vbmV5c2hvdy5jb20vYXJ0aWNsZXMvdHB0cDIwMjMtNjAwOTMvdG9wLXBpY2tzLTIwMjMtdG91cm1hbGluZS1vaWwtdG9yb250by10b3Uv0gEA?hl=en-US&gl=US&ceid=US%3Aen
Top Picks 2023: iShares 20+ Year Treasury Bond ETF (TLT),,https://news.google.com/./articles/CBMiZ2h0dHBzOi8vd3d3Lm1vbmV5c2hvdy5jb20vYXJ0aWNsZXMvdHB0cDIwMjMtNjAwMTEvdG9wLXBpY2tzLTIwMjMtaXNoYXJlcy0yMC15ZWFyLXRyZWFzdXJ5LWJvbmQtZXRmLXRsdC_SAQA?hl=en-US&gl=US&ceid=US%3Aen
"""The Great Stagflation"" Will Be More ""Stag"" in 2023",,https://news.google.com/./articles/CBMiXmh0dHBzOi8vd3d3Lm1vbmV5c2hvdy5jb20vYXJ0aWNsZXMvc2FydC02MDE5Mi90aGUtZ3JlYXQtc3RhZ2ZsYXRpb24td2lsbC1iZS1tb3JlLXN0YWctaW4tMjAyMy_SAQA?hl=en-US&gl=US&ceid=US%3Aen
Energy Transfer Stock: Bulls Are Losing Steam (NYSE:ET),,https://news.google.com/./articles/CBMiS2h0dHBzOi8vc2Vla2luZ2FscGhhLmNvbS9hcnRpY2xlLzQ1Njc5MzQtZW5lcmd5LXRyYW5zZmVyLWJ1bGxzLWxvc2luZy1zdGVhbdIBAA?hl=en-US&gl=US&ceid=US%3Aen
"APA Corp.: Natural Gas Is Down, But Not Out (NASDAQ:APA)",,https://news.google.com/./articles/CBMiUWh0dHBzOi8vc2Vla2luZ2FscGhhLmNvbS9hcnRpY2xlLzQ1NjkyNjUtYXBhLWNvcnAtbmF0dXJhbC1nYXMtaXMtZG93bi1idXQtbm90LW91dNIBAA?hl=en-US&gl=US&ceid=US%3Aen
Inflation Might Already Be at the Fed's Target Rate,,https://news.google.com/./articles/CBMiaGh0dHBzOi8vd3d3Lm1vbmV5c2hvdy5jb20vYXJ0aWNsZXMvdHJhZGluZ2lkZWEtNjAxOTMvaW5mbGF0aW9uLW1pZ2h0LWFscmVhZHktYmUtYXQtdGhlLWZlZHMtdGFyZ2V0LXJhdGUv0gEA?hl=en-US&gl=US&ceid=US%3Aen
Plains GP (NYSE:PAGP) Reaches New 12-Month High at $13.44,,https://news.google.com/./articles/CBMiYmh0dHBzOi8vd3d3LmRlZmVuc2V3b3JsZC5uZXQvMjAyMy8wMS8yOC9wbGFpbnMtZ3AtbnlzZXBhZ3AtcmVhY2hlcy1uZXctMTItbW9udGgtaGlnaC1hdC0xMy00NC5odG1s0gEA?hl=en-US&gl=US&ceid=US%3Aen
Top Picks 2023: Texas Pacific Land (TPL),,https://news.google.com/./articles/CBMiWGh0dHBzOi8vd3d3Lm1vbmV5c2hvdy5jb20vYXJ0aWNsZXMvdHB0cDIwMjMtNjAwMDcvdG9wLXBpY2tzLTIwMjMtdGV4YXMtcGFjaWZpYy1sYW5kLXRwbC_SAQA?hl=en-US&gl=US&ceid=US%3Aen
It's a Great Year to Be in Oil,,https://news.google.com/./articles/CBMiYGh0dHBzOi8vd3d3Lm1vbmV5c2hvdy5jb20vdmlkZW8vOTUyZDFmMGU4NWQxNGQ3NTk4MzdmYTk3MDVjM2ZjYTAxL2l0cy1hLWdyZWF0LXllYXItdG8tYmUtaW4tb2lsL9IBAA?hl=en-US&gl=US&ceid=US%3Aen
Top Picks 2023: MN8 Energy IPO (MNX),,https://news.google.com/./articles/CBMiVGh0dHBzOi8vd3d3Lm1vbmV5c2hvdy5jb20vYXJ0aWNsZXMvdHB0cDIwMjMtNjAwNzgvdG9wLXBpY2tzLTIwMjMtbW44LWVuZXJneS1pcG8tbW54L9IBAA?hl=en-US&gl=US&ceid=US%3Aen
Brookfield Powers up Renewables,,https://news.google.com/./articles/CBMiU2h0dHBzOi8vd3d3Lm1vbmV5c2hvdy5jb20vYXJ0aWNsZXMvZGFpbHlndXJ1LTYwMjI3L2Jyb29rZmllbGQtcG93ZXJzLXVwLXJlbmV3YWJsZXMv0gEA?hl=en-US&gl=US&ceid=US%3Aen
What Analysts Were Expecting After EnLink Midstream LLC (NYSE ...,,https://news.google.com/./articles/CBMicmh0dHBzOi8vc3RvY2tzcmVnaXN0ZXIuY29tLzIwMjMvMDEvMTkvd2hhdC1hbmFseXN0cy13ZXJlLWV4cGVjdGluZy1hZnRlci1lbmxpbmstbWlkc3RyZWFtLWxsYy1ueXNlLWVubGMtcm9zZS0xLTgwL9IBAA?hl=en-US&gl=US&ceid=US%3Aen
